Município;Telefone da Prefeitura;Secretaria de Assistência Social;Secretário(a);Contato da Secretaria;Endereço da Secretaria;Site da Prefeitura;Status do dado;Fonte;Observação
Abadia de Goiás;(62) 3503-1105 Ramal 023;SECRETARIA MUNICIPAL DE ASSISTENCIA SOCIAL;KAMYLA CASAGRANDE KUNZ DE OLIVEIRA;(62) 3503-2375;RUA Rua Campinas Qd.20 Lt.21, 0, Parque Izabel, CEP: 75.345-000, ABADIA DE GOIAS/GO;-;CadSUAS (gestão atual);CadSUAS;
Abadiânia;(62) 3343-1113;PM - SECRETARIA MUNICIPAL DE ASSISTENCIA SOCIAL;Fernanda Boeira da Silva Vieira;(62) 3343-1113 Ramal 0;AVENIDA José Gomes Pereira - Antiga Av. Brasília, S/N, CENTRO, CEP: 72.940-000, ABADIANIA/GO;http://www.abadiania.go.gov.br;CadSUAS (gestão atual);CadSUAS;
Acreúna;(64) 3645-8000 Ramal 8011;SECRETARIA MUNICIPAL DE ASSISTÊNCIA SOCIAL, CIDADANIA, HABITAÇÃO E POLÍTICA PARA MULHER;Adriana Silva de Souza;"(64) 3645-8011 / Tel. (64) 3062-0019 ramal 2034; e-mail smas@acreuna.go.gov.br";RUA Rua João Altino Arantes, 93, Setor Sul, CEP: 75.960-000, ACREUNA/GO;http://www.acreuna.go.gov.br;Confirmado via web;CadSUAS + https://acreuna.go.gov.br/estrutura/secretaria-de-assistencia-social;2026-08 — Página oficial da prefeitura (gestão em exercício, acessada em 11/08/2026) mantém Adriana Silva de Souza como titular da Secretaria Municipal de Assistência Social — mesmo nome do CadSUAS.
Adelândia;(64) 3695-1133;SECRETARIA MUNICIPAL DE ASSISTENCIA SOCIAL;LORRANY DA SILVA OLIVEIRA;(64) 3695-1133;AVENIDA JOÃO AFONSO QD.05 LT.1/14, 1, SETOR OURO PRETO, CEP: 76.155-000, ADELANDIA/GO;-;CadSUAS (gestão atual);CadSUAS;
Alexânia;(62) 3336-7200 Ramal 7202;Secretaria Municipal de Assistência Social;TAMARA DE CASTRO TEODORO CARDOSO;(62) 3336-7245 Ramal 7360;RUA Rua 28, QD:32, Lote: 16, 0, CENTRO, CEP: 72.930-000, ALEXANIA/GO;-;CadSUAS (gestão atual);CadSUAS;
Aloândia;(64) 3496-1350;SECRETARIA MUNICIPAL DE ASSISTENCIA SOCIAL;Welika Silva Costa;(64) 3496-1350;PRAÇA PRAÇA PEDRO CIRIACO DIAS, 01, CENTRO, CEP: 75.615-000, ALOANDIA/GO;-;CadSUAS (gestão atual);CadSUAS;
Alto Horizonte;Oculto para proteção de dados (LGPD);SECRETARIA MUNICIPAL DE ASSISTÊNCIA SOCIAL;Izabela Cristina Rodrigues de Almeida;(62) 3383-3154;AVENIDA RIBEIRO OTONI, 92, centro, CEP: 76.560-000, ALTO HORIZONTE/GO;-;Atualizado via web;https://www-storage.voxtecnologia.com.br/?m=sigpub.publicacao&f=3392&i=publicado_106710_2025-12-02_adcee3e9449e23c861ed4214708a468f.pdf;2025-12 — Decreto nº 809/2025, de 02/12/2025 (Gabinete do Prefeito de Alto Horizonte, publicado no Diário Municipal de Goiás/AGM ed. 03/12/2025), designa Izabela Cristina Rodrigues de Almeida, 'cargo de Secretária Municipal de Assistência Social', como gestora do convênio com Mara Rosa (Lei Municipal 1.056/2025). O nome do CadSUAS (Maria Aparecida Rodrigues da Cruz) tinha mandato encerrado em 31/12/2024. Site oficial publica apenas telefone do CRAS: (62) 92001-6894.
Alto Paraíso de Goiás;(62) 3446-2053 Ramal 0;Secretaria Municipal de Assistência Social;MAGDA RITA ALVES MACHADO RINCO;(62) 3446-2080;RUA RUA DAS MANGABEIRAS, 00, SETOR PLANALTO, CEP: 73.770-000, ALTO PARAISO DE GOIAS/GO;http://www.altoparaiso.go.gov.br;CadSUAS (cadastro pré-2025, não confirmado);CadSUAS;Site oficial (altoparaiso.go.gov.br) não lista nomes de secretários e nenhuma fonte 2025-2026 nomeando o(a) titular da pasta foi localizada. Termo de Cessão de Uso SEDS 294/2025 (publicado jan/2026) cita apenas o prefeito Marcus Adilson Rinco. O sobrenome do prefeito coincide com o da secretária do CadSUAS (Magda Rita Alves Machado Rinco), o que sugere possível continuidade, mas sem confirmação documental. Telefone geral da prefeitura: (62) 3446-1249.
Alvorada do Norte;(62) 3421-1369;SECRETARIA MUNICIPAL DE ASSISTENCIA SOCIAL E TRABALHO;GERALDA LUCAS MOREIRA;Oculto para proteção de dados (LGPD);AVENIDA Av. Dona Gercina Rodrigues de Miranda S/N, 721, IPIRANGA, CEP: 73.950-000, ALVORADA DO NORTE/GO;-;CadSUAS (gestão atual);CadSUAS;
Amaralina;(62) 3384-3145;SECRETARIA MUNICIPAL DE ASSISTENCIA SOCIAL;IRANI DIMAS MACHADO MARQUES;Oculto para proteção de dados (LGPD);RUA ANTONIO CORREIA DE MIRANDA, SN, centro, CEP: 76.493-000, AMARALINA/GO;-;CadSUAS (cadastro pré-2025, não confirmado);CadSUAS;O site oficial (amaralina.go.gov.br) é uma aplicação JavaScript cujas páginas de estrutura/secretarias não expõem conteúdo indexável, e a página da 'Secretaria Municipal de Promoção Social' não retorna o nome do titular. Nenhuma fonte 2025-2026 com o nome do(a) secretário(a) foi encontrada. Mantém-se o CadSUAS (Irani Dimas Machado Marques).
Americano do Brasil;(64) 3504-1213 Ramal 0;Secretaria Municipal de Assistência Social;GLENDA KARLA MOURA CASSIANO;(64) 3504-1280;RUA Modesto Simões, 0, Aeroporto, CEP: 76.165-000, AMERICANO DO BRASIL/GO;-;CadSUAS (gestão atual);CadSUAS;
Amorinópolis;(64) 3677-1151 Ramal 23;SECRETARIA MUNICIPAL DE ASSISTENCIA SOCIAL;SUELLEN PRISCILA SILVA;(64) 3677-1151;RUA POUSO ALTO, 0, VILA UNIÃO, CEP: 76.140-000, AMORINOPOLIS/GO;-;CadSUAS (gestão atual);CadSUAS;
Anhanguera;(64) 3469-1105;SECRETARIA MUNICIPAL DE ASSISTENCIA SOCIAL;DAYELLE APARECIDA COSTA ARAÚJO DIAS;(64) 3469-1146;RUA PROFESSORA JULIA DE BRITO, 345, CENTRAL, CEP: 75.770-000, ANHANGUERA/GO;http://www.anhg.com.br;CadSUAS (gestão atual);CadSUAS;
Anicuns;(64) 3564-3559 Ramal 1;SECRETARIA MUNICIPAL DE ASSISTENCIA SOCIAL;Walkenia Maria Leal do Nascimento;"(64) 3564-2090 / Tel. 0800 564 1010; e-mail assistenciasocial@anicuns.go.gov.br";AVENIDA BANDEIRANTES, 96, CENTRO, CEP: 76.170-000, ANICUNS/GO;-;Confirmado via web;CadSUAS + https://anicuns.go.gov.br/estrutura-organizacional?id=5;2026-08 — Site oficial (página indica gestão 2025/2028, acessada em 11/08/2026) confirma Walkenia Maria Leal do Nascimento como titular. No site a pasta aparece com o nome 'Secretaria de Ação Social e Trabalho' — mesma pessoa do CadSUAS.
Anápolis;(62) 3902-1250 Ramal 1055;Secretaria Municipal de Assistência e Políticas Sociais.;Jackeline Silva Macedo;(62) 3902-2586;AVENIDA Brasil, 200, CENTRO, CEP: 75.000-000, ANAPOLIS/GO;http://www.anapolis.go.gov.br;CadSUAS (gestão atual);CadSUAS;
Aparecida de Goiânia;(62) 3238-7228;SECRETARIA DE ASSISTÊNCIA SOCIAL;Carolina Tavares Araújo;(62) 3545-5970 Ramal 1264;AVENIDA B, 0, ARAGUAIA, CEP: 74.981-150, APARECIDA DE GOIANIA/GO;-;CadSUAS (gestão atual);CadSUAS;
Aparecida do Rio Doce;(64) 3637-1443;SECRETARIA MUNICIPAL PROMOCAO E ASSISTENCIA SOCIAL;Patrícia Garcia de Queiroz;(64) 3637-1483;RUA Eduardo Siqueira, 00, Conjunto Dona Antonia Fernandes, CEP: 75.827-000, APARECIDA DO RIO DOCE/GO;-;Confirmado via web;CadSUAS + https://www-storage.voxtecnologia.com.br/?m=sigpub.publicacao&f=3392&i=publicado_106623_2025-08-01_7b47596f370431e292a4351590e2d1ee.pdf;2025-08 — Ato Declaratório de Dispensa de Licitação nº 019/2025-FMAS (30/07/2025), publicado no Diário Municipal de Goiás/AGM ed. 04/08/2025, é assinado por Patrícia Garcia de Queiroz como 'Secretária/Gestora' da Secretaria Municipal de Promoção e Assistência Social — mesma pessoa do CadSUAS, ativa na gestão 2025.
Aporé;(64) 3644-1270;Secretaria Municipal Assistência Social;Giovana Vasconcelos de Freitas;(64) 3644-1114;RUA Ary Pimenta, 151, centro, CEP: 75.825-000, APORE/GO;-;CadSUAS (gestão atual);CadSUAS;
Aragarças;(64) 3638-2475;SECRETARIA MUNICIPAL DE ACAO SOCIAL;Raqueline Souza Rocha Galvão;(64) 3638-1922 / assistenciasocial@aragarcas.go.gov.br;RUA GETULI VARGAS, 680, SETOR ADMINISTRATIVO, CEP: 76.240-000, ARAGARCAS/GO;-;Confirmado via web;CadSUAS + https://rededanoticia.com.br/coegemas-go-raqueline-galvao-e-empossada-como-presidente-do-conselho-fiscal-e-coordenadora-da-regiao-oeste-1-de-goias;"2025-02 — Notícia de 13/02/2025 a cita como 'Secretária de Ação Social de Aragarças' e primeira-dama; o prefeito Ricardo Galvão foi reeleito (gestão 2025/2028) e ela segue na pasta, aparecendo em notícias de 2025-2026 (Araguaia Notícia). O e-mail institucional consta da página 'Assistência Social' indexada do site oficial aragarcas.go.gov.br, mas a URL retornou 404 no acesso direto em 11/08/2026."
Aragoiânia;(62) 3550-1501;SECRETARIA MUNICIPAL DE ASSISTENCIA SOCIAL;Neuza Maria Rios;(62) 3550-1501;PRAÇA Santa Luzia, 37, CENTRO, CEP: 75.330-000, ARAGOIANIA/GO;-;CadSUAS (gestão atual);CadSUAS;
Araguapaz;Oculto para proteção de dados (LGPD);SECRETARIA MUNICIPAL DE ASSISTENCIA SOCIAL;LUCIMAR FABINO NETO DA SILVA;Oculto para proteção de dados (LGPD);AVENIDA GOIÁS, 415, CENTRO, CEP: 76.720-106, ARAGUAPAZ/GO;http://www.araguapaz.go.gov.br/;CadSUAS (gestão atual);CadSUAS;
Araçu;(62) 3527-1263 Ramal 0;SECRETARIA MUNICIPAL DE ASSISTENCIA SOCIAL;DANIELE DE CÁSSIA COSTA;Oculto para proteção de dados (LGPD);PRAÇA 14 de novembro, 0, Centro, CEP: 75.410-000, ARACU/GO;-;Confirmado via web;CadSUAS + https://aracu.go.gov.br/estrutura-organizacional/;"2026-08 — Site oficial da gestão atual (prefeito Milton Lemes de Paula, eleito em 2024 — gestão 2025/2028; acessado em 11/08/2026) lista Daniele de Cássia Costa como Secretária de Assistência Social — mesma pessoa do CadSUAS. Contatos publicados na página são os gerais da prefeitura ((62) 3527-1481 / prefeitura@aracu.go.gov.br), sem canal exclusivo da secretaria."
Arenópolis;(64) 3667-1166;SECRETARIA MUNICIPAL DE ASSISTÊNCIA SOCIAL;CICERA PACHECO DE ARAUJO;(64) 3667-1166 Ramal 234;RUA Gabriel Raimundo de Sousa, 555, Centro, CEP: 76.235-000, ARENOPOLIS/GO;-;CadSUAS (gestão atual);CadSUAS;
Aruanã;(62) 3030--0159;SECRETARIA MUNICIPAL DE AÇÃO SOCIAL;IVONE ALVES DO NASCIMENTO BARBOSA;Oculto para proteção de dados (LGPD);RUA Agostinho de Melo Q27 L23 CASA 2, 221, CENTRO, CEP: 76.710-000, ARUANA/GO;http://www.aruana.go.gov.br/;CadSUAS (gestão atual);CadSUAS;
Aurilândia;Oculto para proteção de dados (LGPD);SECRETARIA MUNICIPAL DE ASSISTENCIA SOCIAL;GISELLE MORAES DE SOUZA;Oculto para proteção de dados (LGPD);AVENIDA CAPITAO JOAO GOMES PORTO, 0, CENTRO, CEP: 76.120-000, AURILANDIA/GO;http://prefeituradeaurilandia.gov.br;CadSUAS (gestão atual);CadSUAS;
Avelinópolis;Oculto para proteção de dados (LGPD);SECRETARIA MUNICIPAL DE ASSISTÊNCIA SOCIAL;FABIANNE BUENO SILVA;Oculto para proteção de dados (LGPD);AVENIDA AVENIDA MATO GROSSO, S/N, CENTRO, CEP: 75.395-000, AVELINOPOLIS/GO;http://www.avelinopolis.go.gov.br;CadSUAS (gestão atual);CadSUAS;
Baliza;(64) 3660-1096;SECRETARIA MUNICIPAL DE ASSITENCIA SOCIAL;Clemarcia Gomes Torres;(64) 3660-1052 Ramal 211;PRAÇA DA MATRIZ, 138, Centro, CEP: 76.250-000, BALIZA/GO;-;CadSUAS (gestão atual);CadSUAS;
Barro Alto;(62) 3347-6575 Ramal 205;SECRETARIA MUNICIPAL DE ASSISTÊNCIA E PROMOÇÃO SOCIAL;Ana Caroline Rosa Godinho;(62) 8534-6624;AVENIDA GOIAS, 00, CENTRO, CEP: 76.390-000, BARRO ALTO/GO;-;CadSUAS (gestão atual);CadSUAS;
Bela Vista de Goiás;(62) 3551-7012;Secretaria Municipal de Ação e Promoção Social;SAULA APARECIDA DO CARMO;(62) 3551-7015;AVENIDA Av José Pontes, 0, São Jorge, CEP: 75.240-000, BELA VISTA DE GOIAS/GO;http://www.belavista.go.gov.br;CadSUAS (gestão atual);CadSUAS;
Bom Jardim de Goiás;(64) 3657-1390 Ramal 12;PM -SECRETARIA MUNICIPAL DE ASSISTENCIA SOCIAL;SUZIE RODRIGUES LIMA NAVARINE;(64) 3657-1390 Ramal 12;PRAÇA JOSÉ BENJAMIM, S/N, CENTRO, CEP: 76.245-000, BOM JARDIM DE GOIAS/GO;-;CadSUAS (gestão atual);CadSUAS;
Bom Jesus de Goiás;(64) 3608-6018 Ramal 6018;SECRETARIA MUNICIPAL DE ASSISTENCIA SOCIAL;Carolina Silva Miquilino;(64) 3608-8971;RUA 01, 195, CENTRO, CEP: 75.570-000, BOM JESUS DE GOIAS/GO;http://www.bomjesus.go.gov.br;CadSUAS (gestão atual);CadSUAS;
Bonfinópolis;(62) 3334-1144;SECRETARIA MUNICIPAL DE ASSISTÊNCIA SOCIAL, TRABALHO E HABITAÇÃO;LÚCIA APARECIDA DE CARVALHO;(62) 3334-1144;AVENIDA 01, esq. c/Rua 05, 594, CENTRO, CEP: 75.195-000, BONFINOPOLIS/GO;-;CadSUAS (gestão atual);CadSUAS;
Bonópolis;(62) 3393-1126;SECRETARIA MUNICIPAL DE ASSISTENCIA SOCIAL;ELIZAMA CRISTINA VIEIRA ARAUJO;"(62) 3393-1161 / (62) 98590-5647 / (62) 3393-1161; assistenciasocialbonopolis@hotmail.com";AVENIDA INDEPENDÊNCIA, s/n, centro, CEP: 76.555-000, BONOPOLIS/GO;-;Confirmado via web;CadSUAS + https://www.bonopolis.go.gov.br/estrutura_organizacional?id=70;2026-08 — Site oficial (estrutura organizacional, acessado em 11/08/2026) a lista como secretária. Notícias de 2025 do Portal SR (portalsr.com.br) a citam como secretária de Assistência Social e primeira-dama, esposa do prefeito Dioclécio Araújo, indicando continuidade na gestão 2025-2028.
Brazabrantes;(62) 3529-1113;SECRETARIA MUNICIPAL DE ASSISTENCIA SOCIAL;NEUMA GONÇALVES DE SOUZA MACHADO;Oculto para proteção de dados (LGPD);AVENIDA Aureliano Caetano Machado, 713, Setor Centro, CEP: 75.440-000, BRAZABRANTES/GO;-;CadSUAS (gestão atual);CadSUAS;
Britânia;(62) 3383-1233;Secretaria Municipal de Assistência Social;Nádya Sales Assunção;Oculto para proteção de dados (LGPD);AVENIDA PERIMETRAL, 0, centro, CEP: 76.280-000, BRITANIA/GO;-;CadSUAS (gestão atual);CadSUAS;
Buriti Alegre;(64) 3444-9900 Ramal 9911;SECRETARIA MUNICIPAL DE ASSISTÊNCIA SOCIAL;Luciana Ferreira Barbosa Santana;(64) 3444-2049;RUA RUA 24 DE JUNHO, 1155, centro, CEP: 75.660-000, BURITI ALEGRE/GO;http://www.buritialegre.go.gov.br;CadSUAS (gestão atual);CadSUAS;
Buriti de Goiás;Oculto para proteção de dados (LGPD);SECRETARIA MUNICIPAL DE ASSISTENCIA SOCIAL;MARCIO BORGES DE SOUSA;Oculto para proteção de dados (LGPD);AVENIDA AVENIDA DEPUTADO SOLON AMARAL, 1154, CENTRO, CEP: 76.152-000, BURITI DE GOIAS/GO;-;CadSUAS (gestão atual);CadSUAS;
Buritinópolis;Oculto para proteção de dados (LGPD);SECRETARIA MUNICIPAL DE ASSISTENCIA SOCIAL;Noemia de Jesus Costa;Oculto para proteção de dados (LGPD);PRAÇA Praça dos Poderes, 33, CENTRO, CEP: 73.975-000, BURITINOPOLIS/GO;-;CadSUAS (gestão atual);CadSUAS;
Cabeceiras;(61) 3636-1467;SECRETARIA MUNICIPAL DE PROMOÇÃO SOCIAL, TRABALHO E HABITAÇÃO;YVI TELES SALVADOR;(61) 3636-1467;AVENIDA Vicente de Paula Souza, 0, St. João Amélia, CEP: 73.870-000, CABECEIRAS/GO;https://cabeceiras.go.gov.br/;CadSUAS (gestão atual);CadSUAS;
Cachoeira Alta;(64) 3654-1417 Ramal 207;SECRETARIA MUNICIPAL DE PROMOCAO E ASSISTENCIA SOCIAL;VIRGINIA ROSA CUNHA;"(64) 3654-1417 / (64) 99971-2920 (secretaria, publicado no site oficial); (64) 3654-1175; assistenciasocial@cachoeiraalta.go.gov.br";PRAÇA ADELINO PAULA DE OLIVEIRA, 116, CENTRO, CEP: 75.870-000, CACHOEIRA ALTA/GO;-;Confirmado via web;CadSUAS + https://cachoeiraalta.go.gov.br/estrutura-organizacional;2026-08 — Estrutura organizacional oficial da gestão 2025/2028 lista Virginia Rosa Cunha como responsável pela Secretaria de Promoção Social, Cidadania, Trabalho e Ação Social — mesma pessoa do CadSUAS. Atenção: uma página antiga da plataforma do site (centi.com.br) atribui a pasta a Weslaine Alves da Mata, mas na gestão atual Weslaine é a secretária de Saúde e Bem-Estar Social.
Cachoeira Dourada;(64) 3434-9700 Ramal 9701;SECRETARIA MUNICIPAL DE PROMOÇÃO E ASSISTÊNCIA SOCIAL;Rosangela Fernanda Lira Souza;(64) 3434-1337;RUA Quioto, 360, Setor Suleste, CEP: 75.560-084, CACHOEIRA DOURADA/GO;-;CadSUAS (gestão atual);CadSUAS;
Cachoeira de Goiás;(64) 3676-1122;SECRETARIA MUNICIPAL DE ASSISTENCIA SOCIAL;PRISCILA LAZARA JACINTO DOS SANTOS;(64) 3676-1228;PRAÇA VEREADOR OROZIMBO VIEIRA DESOUZA, 0, CENTRO, CEP: 76.125-000, CACHOEIRA DE GOIAS/GO;-;CadSUAS (gestão atual);CadSUAS;
Caiapônia;(64) 3663-1025;SECRETARIA MUNICIPAL DE ASSISTÊNCIA E DESENVOLVIMENTO SOCIAL;Bianca Cruvinel Cotrim Santos;Oculto para proteção de dados (LGPD);RUA ANA VILELA DE SOUZA LIMA, 04, CENTRO, CEP: 75.850-000, CAIAPONIA/GO;-;CadSUAS (gestão atual);CadSUAS;
Caldas Novas;(64) 3454-3500;SECRETARIA MUNICIPAL DE AÇÃO SOCIAL E MELHOR IDADE;MARCIA LOPES VERISSIMO MARRA;"Oculto para proteção de dados (LGPD) / (64) 99294-2092 (WhatsApp e ligações); acaosocial@caldasnovas.go.gov.br";AVENIDA AVENIDA C QUADRA 43 LOTE 29, 0, Estância Itanhangá I, CEP: 75.680-354, CALDAS NOVAS/GO;http://www.caldasnovas.go.gov.br;Confirmado via web;CadSUAS + https://www.caldasnovas.go.gov.br/estrutura/secretaria-municipal-de-acao-social-e-melhor-idade/;"2026-08 — Página oficial da Secretaria Municipal de Ação Social e Melhor Idade (gestão 2025-2028) a lista como titular; documentos municipais de 2025 (edital de seleção da SMASMI) também a citam. Mesma pessoa do CadSUAS ('Marcia Lopes Verissimo Marra', grafia com acento no site)."
Caldazinha;(62) 3561-1128 Ramal 206;SECRETARIA MUNICIPAL DE ASSISTENCIA SOCIAL;Camila Estefanny Braga;(62) 3561-1128 Ramal 217;AVENIDA AV. BERNARDO SAYÃO, 476, CENTRO, CEP: 75.245-000, CALDAZINHA/GO;-;CadSUAS (cadastro pré-2025, não confirmado);CadSUAS;A página oficial da Secretaria Municipal de Assistência Social e Habitação (caldazinha.go.gov.br/estrutura/secretaria-municipal-de-assistencia-social-e-habitacao/) não publica o nome do titular, e as buscas não retornaram nenhuma fonte de 2025-2026 confirmando ou substituindo Camila Estefanny Braga. Contato geral da prefeitura: (62) 9 9214-9467 (WhatsApp), prefeitura@caldazinha.go.gov.br. Mantém-se o registro do CadSUAS.
Campestre de Goiás;(62) 3557-1177;SECRETARIA MUNICIPAL DE ASSISTÊNCIA SOCIAL;Marineide Alves de Souza Guimarães;Oculto para proteção de dados (LGPD);RUA São Paulo esq. com a Av. BRASIL, SN, CENTRO, CEP: 75.396-000, CAMPESTRE DE GOIAS/GO;-;CadSUAS (gestão atual);CadSUAS;
Campinaçu;(62) 3377-3287;SECRETARIA MUNICIPAL DE ASSISTÊNCIA SOCIAL;Kely Aleixo Silva;(62) 3377-3315;AVENIDA 31 de março, 00, Centro, CEP: 76.440-000, CAMPINACU/GO;-;CadSUAS (cadastro pré-2025, não confirmado);CadSUAS;O site oficial (campinacu.go.gov.br) não publica nomes de secretários na estrutura organizacional (página atualizada em 08/2026, mas sem titulares). Novo prefeito Douglas Adyel Ribeiro de Faria assumiu em 2025. Kely Aleixo Silva aparece apenas em registro eleitoral do TRE-GO (União Brasil de Campinaçu, fev/2026), o que não confirma nem nega o cargo. Mantém-se o registro do CadSUAS.
Campinorte;(62) 3347-3281 Ramal 0;Secretaria Municipal de Assistencia Social;Marcia Gomes Patriota;Oculto para proteção de dados (LGPD);AVENIDA Av. central esquina com rua campinas, 204, Centro, CEP: 76.410-000, CAMPINORTE/GO;-;CadSUAS (gestão atual);CadSUAS;
Campo Alegre de Goiás;(64) 3926-3000 Ramal 3030;SECRETARIA MUNICIPAL DE ASSISTENCIA SOCIAL;Michele Antônio da Silva;Oculto para proteção de dados (LGPD);RUA Moacir Costa, 150, Ceu Azul, CEP: 75.795-000, CAMPO ALEGRE DE GOIAS/GO;http://www.campoalegre.go.gov.br;CadSUAS (gestão atual);CadSUAS;
Campo Limpo de Goiás;Oculto para proteção de dados (LGPD);SECRETARIA MUNICIPAL DE ASSISTÊNCIA SOCIAL;ELIZAMA PEREIRA DE MELO;"(62) 3345-1468 / (62) 99512-4829; assistenciasocialcampolimpo@gmail.com (Departamento de Assistência Social, site oficial)";AVENIDA Rua Benvida Gomes da Silva, 45, SOL DE VERAO, CEP: 75.160-000, CAMPO LIMPO DE GOIAS/GO;http://www.campolimpodegoias.go.gov.br;CadSUAS (cadastro pré-2025, não confirmado);CadSUAS;O site oficial atual lista Giselle Alves Pereira como 'responsável' do Departamento de Assistência Social (campolimpodegoias.go.gov.br/estrutura/secretaria-de-assistencia-social-semas-2/departamento-de-assistencia-social/), mas não nomeia o(a) titular da Secretaria (SEMAS). Elizama Pereira de Melo (CadSUAS) não aparece em nenhuma página atual do site. Nova prefeita Graciele Marta do Nascimento (gestão 2025-2028) sugere possível troca, porém sem fonte 2025+ nomeando o(a) secretário(a) — não é possível declarar divergência.
Campos Belos;(62) 3451-1403;SECRETARIA DE ACAO SOCIAL, CIDADANIA, JUVENTUDE E TRABALHO;TATHYANE PRICINOTE BATISTA;"Oculto para proteção de dados (LGPD) / (62) 9 9653-0055; acaosocial@camposbelos.go.gov.br";AVENIDA Das Indústrias, S/N, ST. INDUSTRIAL, CEP: 73.840-000, CAMPOS BELOS/GO;-;Confirmado via web;CadSUAS + https://camposbelos.go.gov.br/portal/secretarias/;"2026-08 — Página oficial de secretarias (portal com rodapé 'gestão 2025/2028') a lista como titular da Secretaria de Ação Social, Cidadania, Juventude e Trabalho. Ela é primeira-dama (esposa do prefeito reeleito Pablo Geovani). Houve exoneração formal em dez/2024 (praxe de fim de mandato) com recondução na nova gestão; segue ativa em notícias de jan-fev/2026 (Goiás Social em Campos Belos)."
Campos Verdes;(62) 3351-6512;SECRETARIA MUNICIPAL DE ASSISTENCIA SOCIAL;Rosalina Veríssimo de Oliveira;(62) 3351-6643;AVENIDA Rua 4,, 01, Parque das Esmeraldas, CEP: 76.515-000, CAMPOS VERDES/GO;-;CadSUAS (gestão atual);CadSUAS;
Carmo do Rio Verde;(62) 3337-6650;SECRETARIA DE PROMOÇÃO SOCIAL;ELLIDA BORGES DE ALMEIDA;(62) 3337-6946;PRAÇA ALFREDO NASSER, 05, CENTRO, CEP: 76.340-000, CARMO DO RIO VERDE/GO;-;CadSUAS (gestão atual);CadSUAS;
Castelândia;(64) 3649-1140 Ramal 208;SECRETARIA MUNICIPAL DE ASSISTENCIA SOCIAL;MURIELLY MARTINS DE OLIVEIRA SILVA;(64) 3649-1140 Ramal 220;AVENIDA RIO VERDE, 1910, CENTRO, CEP: 75.925-000, CASTELANDIA/GO;http://www.castelandia.go.gov.br;CadSUAS (gestão atual);CadSUAS;
Catalão;(64) 3441-5000 Ramal 207;SECRETARIA MUNICIPAL DE PROMOÇÃO E AÇÃO SOCIAL;NEUSIMAR TEODORA DA SILVA RIOS;(64) 3441-1383;RUA TENENTE CEL. JOÃO CERQUEIRA NETO, 00, JARDIM PRIMAVERA, CEP: 75.705-770, CATALAO/GO;-;CadSUAS (gestão atual);CadSUAS;
Caturaí;(62) 3528-1130 Ramal 0;SECRETARIA MUNICIPAL DE ASSISTÊNCIA SOCIAL;Juliely de Paula Silva Moura;(62) 3528-1442;AVENIDA OSVALDO MAIA, 443, CENTRO, CEP: 75.430-082, CATURAI/GO;-;CadSUAS (gestão atual);CadSUAS;
Cavalcante;(62) 3494-1399;SECRETARIA MUNICIPAL DE ASSISTENCIA SOCIAL;Luceni dos Santos Rosa;"(62) 3494-1423 / (62) 99641-0779 (telefone/WhatsApp); assistenciasocial@cavalcante.go.gov.br";RUA Rua Cristã, 11, Centro, CEP: 73.790-000, CAVALCANTE/GO;-;Confirmado via web;CadSUAS + https://cavalcante.go.gov.br/estrutura/secretaria-municipal-de-assistencia-social-2/;2026-08 — Página oficial da Secretaria Municipal de Assistência Social (acessada em 11/08/2026, em site ativo com publicações de 2026) a apresenta como secretária atual — mesma pessoa do CadSUAS.
Caçu;(64) 3656-6000 Ramal 6000;SECRETARIA MUNICIPAL DE ACAO E PROMOCAO SOCIAL DE CACU;Cíntia Camargo Eugênio Morais;Oculto para proteção de dados (LGPD);RUA CORONEL MANOEL INÁCIO, 660, CENTRO, CEP: 75.813-000, CACU/GO;-;CadSUAS (gestão atual);CadSUAS;
Ceres;(62) 3307-7600 Ramal 221;SECRETARIA MUNICIPAL DE ASSISTENCIA SOCIAL;LINDALVA FERNANDES ALVES BORGES;(62) 3307-7621 Ramal 000;PRAÇA civica, 00, centro, CEP: 76.300-000, CERES/GO;http://www.ceres.go.gov.br;CadSUAS (gestão atual);CadSUAS;
Cezarina;(64) 3543-6004;Secretaria Municipal de Ação Social e Cidadania;Ozilene Rubim Melo Bezerra Silva;(64) 3543-1842;RUA Artur F. Costa, 0, Centro, CEP: 76.195-000, CEZARINA/GO;-;CadSUAS (gestão atual);CadSUAS;
Chapadão do Céu;(64) 3634-1228;SECRETARIA MUNICIPAL DE ASSISTENCIA SOCIAL;Sonia Maria Peres e Souza Lara Pena;(64) 3634-1844;RUA CARAIBA LESTE, ESQUINA C/ RUA R 1 SUL, 685, MORADA DO SOL, CEP: 75.828-000, CHAPADAO DO CEU/GO;-;CadSUAS (gestão atual);CadSUAS;
Cidade Ocidental;(61) 3625-1322;SECRETARIA MUNICIPAL DE ASSISTENCIA SOCIAL;JOSILENE SANTOS OLIVEIRA;(61) 3605-3695;QUADRA SUPER QUADRA 10 QUADRA 08 LOTE 45A AREA ESPECIAL, 45, CENTRO, CEP: 72.880-970, CIDADE OCIDENTAL/GO;-;CadSUAS (gestão atual);CadSUAS;
Cocalzinho de Goiás;(62) 3339-1538;SECRETARIA MUNICIPAL DE ASSISTÊNCIA SOCIAL - SEMAS;WEMERSON PEREIRA NASCIMENTO;(62) 3339-1229 Ramal 0;AVENIDA 03 de julho Quadra 06 Lote 08, s/nº, CENTRO, CEP: 72.975-000, COCALZINHO DE GOIAS/GO;-;CadSUAS (gestão atual);CadSUAS;
Colinas do Sul;(62) 3486-1117;Secretaria Municipal de Assistência Social;ELANI TERESINHA MOREIRA SARAIVA;(62) 3486-1310;RUA JUSCELINO KUBITSCHEK, 0, CENTRO, CEP: 73.740-000, COLINAS DO SUL/GO;-;CadSUAS (gestão atual);CadSUAS;
Corumbaíba;(64) 3447-7000 Ramal 7001;SECRETARIA MUNICIPAL DE ASSISTENCIA SOCIAL;Lara Rodrigues Teixeira de Araújo;Oculto para proteção de dados (LGPD);RUA Rua Pedro Ludovico, 0, centro, CEP: 75.675-000, CORUMBAIBA/GO;-;CadSUAS (gestão atual);CadSUAS;
Corumbá de Goiás;(62) 3338-1576;Secretaria Municipal da Cidadania e Justiça Social;ADRIANA CRISTINA DE MOURA;Oculto para proteção de dados (LGPD);RUA São Bento, 81, Centro, CEP: 72.960-000, CORUMBA DE GOIAS/GO;https://corumbadegoias.go.gov.br/;CadSUAS (gestão atual);CadSUAS;
Cristalina;(61) 3612-2525;Secretaria de Assistência Social;SAMARA GREGORY LUZZI BIAZOTO MASSA;(61) 3686-5052;RUA 21 de Abril Qd. L, 001, Centro, CEP: 73.850-000, CRISTALINA/GO;-;CadSUAS (gestão atual);CadSUAS;
Cristianópolis;(64) 3932-8002 Ramal 0;Assistência e Promoção Social;FABIANE LOPES MAGALHÃES CALLIMAN;(64) 3932-8017;RUA wilson da Paixao, 01, CENTRO, CEP: 75.230-000, CRISTIANOPOLIS/GO;-;CadSUAS (gestão atual);CadSUAS;
Crixás;(62) 3365-1210;SECRETARIA MUNICIPAL DE ASSISTENCIA SOCIAL;Soraya Xavier Maciel;Oculto para proteção de dados (LGPD);RUA 08 - QUADRA 09 LOTE 13, 0, VILA NOVA, CEP: 76.510-000, CRIXAS/GO;-;CadSUAS (gestão atual);CadSUAS;
Cromínia;(64) 3419-1487;SECRETARIA MUNICIPAL DE ASSISTENCIA SOCIAL DE CROMINIA;JOSIANY LUIZA PIRES;(64) 3419-1487 Ramal 25;PRAÇA ANTONIO PARREIRA DUARTE, S/N, SETOR CASTELO BRANCO, CEP: 75.635-000, CROMINIA/GO;-;CadSUAS (gestão atual);CadSUAS;
Cumari;Oculto para proteção de dados (LGPD);SECRETARIA MUNICIPAL DE ASSISTÊNCIA SOCIAL;Miriane Rosa do Nascimento Meirelles;Oculto para proteção de dados (LGPD);PRAÇA PRAÇA SAO JOAO BATISTA, 01, CENTRO, CEP: 75.760-000, CUMARI/GO;-;CadSUAS (gestão atual);CadSUAS;
Córrego do Ouro;(64) 3687-1128;Secretaria Municipal de Assistencia Social;VIVIANE ELIZE CAMPOS;(64) 3687-1122 Ramal 31;PRAÇA Praça Cordeiro, 40, Centro, CEP: 76.145-000, CORREGO DO OURO/GO;-;CadSUAS (gestão atual);CadSUAS;
Damianópolis;Oculto para proteção de dados (LGPD);SECRETARIA MUNICIPAL DE ASSISTENCIA SOCIAL;HADYLLA TAWANNE PESSOA BARROS;Oculto para proteção de dados (LGPD);AVENIDA AVENIDA TIRADENTES, 538, SETOR BUENO, CEP: 73.980-000, DAMIANOPOLIS/GO;-;CadSUAS (gestão atual);CadSUAS;
Damolândia;(62) 3337-3133;SECRETARIA MUNICIPAL DE ASSISTENCIA SOCIAL DE DAMOLANDIA;GLEIYCI FERREIRA DO CARMO;(62) 3337-3133;PRAÇA PRAÇA HUGO COSTA, 01, VILA MINEIRA, CEP: 75.420-000, DAMOLANDIA/GO;-;CadSUAS (gestão atual);CadSUAS;
Davinópolis;(64) 3697-1150;Secretaria Municipal de Cidadania e Assistencia Social;Fernanda Ferreira Costa da Fonseca;(64) 3697-1150;RUA Dorcilia Candida de Jesus, 0, centro, CEP: 75.730-000, DAVINOPOLIS/GO;-;CadSUAS (gestão atual);CadSUAS;
Diorama;(64) 3689-1105 Ramal 22;SECRETARIA MUNICIPAL DE DESENVOLVIMENTO SOCIAL E TRABALHO;VIVIANE DE DEUS COSTA E LIMA;(64) 3689-1101 Ramal 213;AVENIDA DEPUTADO JOSÉ DE ASSIS, 000, CENTRAL, CEP: 76.260-000, DIORAMA/GO;-;CadSUAS (gestão atual);CadSUAS;
Divinópolis de Goiás;(62) 3456-1100 Ramal 27;SECRETARIA MUNICIPAL DE ASSISTÊNCIA SOCIAL;GREGORIO DE ABREU ALVES JUNIOR;(62) 3456-1386;AVENIDA AV MANOEL LUDOVINO, 00, CENTRO, CEP: 73.865-000, DIVINOPOLIS DE GOIAS/GO;-;CadSUAS (gestão atual);CadSUAS;
Doverlândia;(64) 3664-1243;SECRETARIA MUNICIPAL DE ASSISTENCIA SOCIAL;RENATA MURAD MAFUD;(64) 3664-1397;AVENIDA INDEPENDENCIA, 470, CENTRO, CEP: 75.855-000, DOVERLANDIA/GO;-;CadSUAS (gestão atual);CadSUAS;
Edealina;(64) 3480-1133;SECRETARIA MUNICIPAL DE PROMOÇAO SOCIAL;Janeclair Faleiro da Silva;(64) 3480-1200;RUA RUA 21 QUADRA 03, S/Nº, CENTRO, CEP: 75.945-000, EDEALINA/GO;-;CadSUAS (gestão atual);CadSUAS;
Edéia;(64) 3492-1545;SECRETARIA MUNICIPAL DE ASSISTENCIA SOCIAL;Eliene Buri Rodrigues Andrade;Oculto para proteção de dados (LGPD);AVENIDA JOAQUIM VITAL, S/N, CENTRO, CEP: 75.940-000, EDEIA/GO;-;CadSUAS (gestão atual);CadSUAS;
Estrela do Norte;(62) 3381-6687;SECRETARIA MUNICIPAL DE ASSISTENCIA SOCIAL;Eliane Correia da Silva;(62) 3381-6247;PRAÇA PRAÇA CANDIDO ALVES COSTA, 00, CENTRO, CEP: 76.485-000, ESTRELA DO NORTE/GO;-;CadSUAS (gestão atual);CadSUAS;
Faina;(62) 2020-9702;SECRETARIA MUNICIPAL DE ASSISTÊNCIA SOCIAL;TANIA CURADO DE CASTRO BATISTA;(62) 2020-9702;AVENIDA FELIX DE BRITO, 00, VILA SOUZA, CEP: 76.740-000, FAINA/GO;-;CadSUAS (gestão atual);CadSUAS;
Fazenda Nova;(62) 3382-1231;SECRETARIA MUNICIPAL DE ASSISTENCIA SOCIAL;DANIELLA CORREIA DA SILVA;Oculto para proteção de dados (LGPD) / Tel: (62) 3382-1231 Ramal 32 | E-mail: assistenciasocial@fazendanova.go.gov.br / crasfazendanovago@gmail.com;AVENIDA Goiás, 551, CENTRO, CEP: 76.220-000, FAZENDA NOVA/GO;-;Confirmado via web;CadSUAS + https://www.fazendanova.go.gov.br/estrutura-organizacional/;2026-08 — Site oficial da prefeitura lista Daniella Correia da Silva como secretária de Assistência e Promoção Social na gestão atual 2025/2028 — mesma pessoa do CadSUAS.
Firminópolis;(64) 3861-2112;SECRETARIA MUNICIPAL DE ASSISTENCIA SOCIAL;Silvani Candida da Mata Oliveira;Oculto para proteção de dados (LGPD);AVENIDA Das Américas, 589, CENTRO, CEP: 76.105-000, FIRMINOPOLIS/GO;-;CadSUAS (cadastro pré-2025, não confirmado);CadSUAS;"O site oficial (firminopolis.go.gov.br) e o portal 1Doc listam a Secretaria de Ação e Promoção Social / Assistência Social, mas não publicam o nome do(a) titular; nenhuma fonte de 2025-2026 encontrada confirmando ou contradizendo Silvani Candida da Mata Oliveira. Contato geral da prefeitura: 0800 665 6448 / prefeitura@firminopolis.go.gov.br. CadSUAS mantido."
Flores de Goiás;(62) 3448-1314 Ramal 202;Secretaria Municipal de Desenvolvimento Social e Trabalho;Nara Yorrane Pereira dos Santos;(62) 3448-1314 Ramal 206 / Tel: (62) 99901-4244 | E-mail: smas@floresdegoias.go.gov.br;PRAÇA PRAÇA DA MATRIZ, 44, FLORES VELHA, CEP: 73.890-000, FLORES DE GOIAS/GO;http://floresdegoias.com.br;Confirmado via web;CadSUAS + https://portal.floresdegoias.go.gov.br/secretaria/secretaria-municipal-de-assistencia-social-e-trabalho;2026-08 — Portal oficial atual da prefeitura lista Nara Yorrane Pereira dos Santos como titular da Secretaria Municipal de Assistência Social e Trabalho — mesma pessoa do CadSUAS.
Formosa;(61) 3981-1030;SECRETARIA MUNICIPAL DE DESENVOLVIMENTO SOCIAL.;Bruna de Paula Oliveira;(61) 3981-1082 Ramal 0;PRAÇA PRAÇA DO MERCADO, 460, CENTRO, CEP: 73.801-620, FORMOSA/GO;-;CadSUAS (gestão atual);CadSUAS;
Formoso;(62) 3377-6830;SECRETARIA MUNICIPAL DE ASSISTENCIA SOCIAL;Simone Souza Silva de Oliveira;Oculto para proteção de dados (LGPD);RUA Praça Vereadora Nilda Mota Lucindo, 00, CENTRO, CEP: 76.470-000, FORMOSO/GO;-;CadSUAS (gestão atual);CadSUAS;
Gameleira de Goiás;(62) 3322-3143;SECRETARIA MUNICIPAL DE AÇÃO SOCIAL HABITAÇÃO E TRABALHO;José da Cunha Teles;Oculto para proteção de dados (LGPD) / Tel: (62) 2600-0301 | E-mail: secsocialgg@gmail.com;AVENIDA AVENIDA 3, 414, CENTRO, CEP: 75.184-000, GAMELEIRA DE GOIAS/GO;-;Atualizado via web;https://www.gameleiradegoias.go.gov.br/estrutura_organizacional?id=35;2026-08 — Site oficial da gestão atual (prefeita Wivviane de Carvalho Duarte Teles, 2025-2028) lista José da Cunha Teles como secretário de Assistência Social. Coerente com o CadSUAS, que já indicava fim do mandato de Flavia Arcari em 31/12/2024.
Goiandira;(64) 3462-1147;SECRETARIA MUNICIPAL DE ASSISTENCIA SOCIAL;CLEONICE MARIA GRIGÓRIO PEIXOTO;Oculto para proteção de dados (LGPD);PRAÇA JOSÉ ABDALA, 01, CENTRO, CEP: 75.740-000, GOIANDIRA/GO;-;Confirmado via web;CadSUAS + https://sdnews.com.br/noticia/15684/curso-de-flores-fortalece-qualificacao-e-geracao-de-renda-em-goiandira;2026 — Notícias locais de 2025-2026 (Portal Serra Dourada News) citam Cleonice Grigório Peixoto como secretária municipal de Assistência Social e primeira-dama (prefeito Allisson Peixoto) — mesma pessoa do CadSUAS (CLEONICE MARIA GRIGÓRIO PEIXOTO), grafia abreviada.
Goianira;(62) 3516-2090;SECRETARIA MUNICIPAL DE PROMOÇÃO E ASSISTÊNCIA SOCIAL;Quelcilene Borges dos Santos Bento;(62) 3516-3617;RUA 02, 0, VILA LEO LYNCE, CEP: 75.361-545, GOIANIRA/GO;-;CadSUAS (gestão atual);CadSUAS;
Goianápolis;(62) 3341-1998;SECRETARIA DE ASSISTENCIA SOCIAL;MARIA ABADIA CARDOSO;(62) 3341-1998;RUA RUA ALAOR DE SÁ ABREU, 120, CENTRO, CEP: 75.170-000, GOIANAPOLIS/GO;-;CadSUAS (gestão atual);CadSUAS;
Goianésia;(62) 3389-9400;SECRETARIA DE ASSISTÊNCIA E PROMOCAO SOCIAL;IGARA LETICIA MIRANDA BORGES DE CASTRO;Oculto para proteção de dados (LGPD);RUA 33, 291, Setor Sul, CEP: 73.381-134, GOIANESIA/GO;http://www.goianesia.go.gov.br;CadSUAS (gestão atual);CadSUAS;
Goiatuba;(64) 3495-0000 Ramal 0012;SECRETARIA MUNICIPAL DE ASSISTENCIA SOCIAL;JOELMA VIEIRA;(64) 3495-0083 Ramal 0034;AVENIDA CLOVES RODRIGO DO VALE, 647, CENTRO, CEP: 75.600-000, GOIATUBA/GO;-;CadSUAS (gestão atual);CadSUAS;
Goiás;(62) 3371-7720;SECRETARIA MUNICIPAL DE ASSISTÊNCIA SOCIAL TRABALHO E HABITAÇÃO;CÉLIA ANSELMO MENDANHA GOUVEA;(62) 3371-7719;RUA DR. NETO S/Nº, 0, CENTRO, CEP: 76.600-000, GOIAS/GO;-;CadSUAS (gestão atual);CadSUAS;
Goiânia;(62) 3254-1020;SECRETARIA MUNICIPAL DE POLÍTICAS PARA AS MULHERES, ASSISTÊNCIA SOCIAL E DIREITOS HUMANOS;Eerizania Eneas de Freitas;(62) 3524-1309;RUA 4, 1052, SETOR CENTRAL, CEP: 74.080-060, GOIANIA/GO;http://www.goiania.go.gov.br;CadSUAS (gestão atual);CadSUAS;
Gouvelândia;(64) 3653-1116 Ramal 201;SECRETARIA MUNICIPAL DE CIDADANIA E PROMOÇÃO SOCIAL;VIVIANE APARECIDA DE QUEIROZ;(64) 3653-1529;AVENIDA SETINÓPOLIS, 359, CENTRO, CEP: 75.865-000, GOUVELANDIA/GO;-;CadSUAS (gestão atual);CadSUAS;
Guapó;(62) 3552-2070 Ramal 200;SECRETARIA MUNICIPAL DE ACAO E PROMOCAO SOCIAL;DJEENIFFER DOS SANTOS FERNANDES;Oculto para proteção de dados (LGPD);RUA SÃO SALVADOR, S/N, CENTRO, CEP: 75.350-000, GUAPO/GO;http://www.guapo.go.gov.br/;CadSUAS (gestão atual);CadSUAS;
Guarani de Goiás;(62) 3449-1239;SECRETARIA MUNICIPAL DE ASSISTENCIA SOCIAL;Giselle de Sousa Carvalho;Oculto para proteção de dados (LGPD) / Tel: (62) 99989-7641 | E-mail: assistenciaguaranigo@gmail.com;AVENIDA AV. Deputado Wilmar Guimarães Q.02 L.23, SN, Centro, CEP: 73.910-000, GUARANI DE GOIAS/GO;-;Confirmado via web;CadSUAS + https://guaranidegoias.go.gov.br/estrutura/secretaria-de-assistencia-social/;2026-08 — Site oficial atual lista Giselle de Souza Carvalho como secretária de Assistência Social — mesma pessoa do CadSUAS (grafia Sousa/Souza).
Guaraíta;(62) 3338-3151;SECRETARIA MUNICIPAL DE ASSISTENCIA SOCIAL DE GUARAITA;Tatiele Coelho dos Reis Nascimento;"Oculto para proteção de dados (LGPD) / Tel: (62) 3338-3151 (publicado na página da secretaria; mesmo número da prefeitura)";RUA VILMAR DE ALMEIDA, 92, CENTRO, CEP: 76.690-000, GUARAITA/GO;-;Confirmado via web;CadSUAS + https://www.guaraita.go.gov.br/wp-content/uploads/2025/08/PLANO-DECENAL-DE-ATENDIMENTO-SOCIOEDUCATIVO-2025-2034.pdf;2025-08 — Plano Municipal de Atendimento Socioeducativo 2025-2034 (Lei Municipal nº 665/2025), publicado no site oficial em ago/2025, cita textualmente 'Tatiele Coelho dos Reis Nascimento ... Secretária Municipal de Assistência Social-SMAS' — mesma pessoa do CadSUAS. Texto extraído diretamente do PDF.
Guarinos;(62) 3341-6163;SECRETARIA MUNICIPAL DE DESENVOLVIMENTO SOCIAL E TRABALHO;EDNA DA SILVA FILGUEIRA;(62) 3341-6163 Ramal 25;AVENIDA Josélio Rodrigues do Nascimento, 32, centro, CEP: 76.374-000, GUARINOS/GO;-;CadSUAS (gestão atual);CadSUAS;
Heitoraí;(62) 3346-3123;SECRETARIA MUNICIPAL DE ASSISTÊNCIA SOCIAL DE HEITORAÍ;EDNA ALARCON DUARTE;(62) 3346-3123 Ramal 20;AVENIDA CEL HEITOR, SN, CENTRO, CEP: 76.670-000, HEITORAI/GO;http://www.heitorai.go.gov.br/;CadSUAS (gestão atual);CadSUAS;
Hidrolina;(62) 3349-6613;Secretaria Municipal de Assistência Social;LUZIA DE SOUZA ESPINDULA SIQUEIRA;(62) 3349-6613 / Tel: (62) 98430-7139 | E-mail: assistenciasocial@hidrolina.go.gov.br / assistenciasocialhidrolina@hotmail.com;AVENIDA Avenida Antônio Braga, 77, Centro, CEP: 76.375-000, HIDROLINA/GO;-;Confirmado via web;CadSUAS + https://hidrolina.go.gov.br/estrutura-organizacional?id=18;2026-08 — Site oficial da prefeitura lista Luzia de Souza Espindula Siqueira como secretária de Assistência Social na gestão atual 2025/2028 — mesma pessoa do CadSUAS.
Hidrolândia;(62) 3553-8555 Ramal 302;Secretaria Municipal de Assistencia Social;Carina Carvalho de Oliveira;(62) 3553-8544;AVENIDA GOIANIA, 1005, Centro, CEP: 75.340-000, HIDROLANDIA/GO;http://www.hidrolandia.go.gov.br;CadSUAS (gestão atual);CadSUAS;
Iaciara;(62) 3473-1215;SECRETARIA MUNICIPAL DE ASSISTENCIA SOCIAL;Patricia Arnulfo Bombiero;(62) 3473-2123;AVENIDA Alfredo Nasser Qd.7 LT. 29, S/N, CENTRO, CEP: 73.920-000, IACIARA/GO;-;CadSUAS (gestão atual);CadSUAS;
Inaciolândia;(64) 3435-8040;Secretaria Municipal de Promoção Social, Mulher, Habitação e Trabalho;Sandra Martins Caixeta;(64) 3435-1226;RUA José Inácio de Barros, 15, José Inácio, CEP: 75.550-000, INACIOLANDIA/GO;http://www.inaciolandia.go.gov.br;CadSUAS (gestão atual);CadSUAS;
Indiara;(64) 3547-1157;SECRETARIA MUNICIPAL DE ASSISTENCIA SOCIAL;Raniery Barbosa de Almeida;Oculto para proteção de dados (LGPD);AVENIDA Dona Gercina Vieira de Souza, 00, Sâo Simâo, CEP: 75.955-000, INDIARA/GO;-;CadSUAS (gestão atual);CadSUAS;
Inhumas;(62) 3511-2121 Ramal 231;SECRETARIA MUNICIPAL DE DESENVOLVIMENTO SOCIAL;INÚBIA APARECIDA DA SILVA;Oculto para proteção de dados (LGPD);AVENIDA RUA BARTOLOMEU BUENO, 0, Anhanguera, CEP: 75.407-545, INHUMAS/GO;-;CadSUAS (gestão atual);CadSUAS;
Ipameri;(64) 3491-6000 Ramal 6001;SECRETARIA MUNICIPAL DE PROMOÇÃO SOCIAL Cidadania e da Mulher;Eliana Pimenta Pacheco;Oculto para proteção de dados (LGPD);RUA Rua Miguel David Cosac, 0, CENTRO, CEP: 75.780-000, IPAMERI/GO;-;CadSUAS (gestão atual);CadSUAS;
Ipiranga de Goiás;(62) 3342-6145 Ramal 26;SECRETARIA MUNICIPAL DE ASSISTÊNCIA SOCIAL;LUCIA DE OLIVEIRA SOUZA;(62) 3342-6157;AVENIDA BERNARDO SAYAO, 0, CENTRO, CEP: 76.304-000, IPIRANGA DE GOIAS/GO;-;CadSUAS (gestão atual);CadSUAS;
Iporá;Oculto para proteção de dados (LGPD);PM - SECRETARIA MUNICIPAL DE ASSISTÊNCIA SOCIAL;VASTIA ALVES DA SILVA;Oculto para proteção de dados (LGPD);RUA SAO JOSE, 11, CENTRO, CEP: 76.200-000, IPORA/GO;-;CadSUAS (gestão atual);CadSUAS;
Israelândia;(64) 3678-1305;SECRETARIA MUNICIPAL DE ASSISTENCIA SOCIAL;CAMILA DIVINA DE CARVALHO;Oculto para proteção de dados (LGPD);AVENIDA RUA RIO CLARO, ESQ COM ROD GO 60, 0, CENTRO, CEP: 76.215-000, ISRAELANDIA/GO;http://www.israelandia.go.gov.br;CadSUAS (gestão atual);CadSUAS;
Itaberaí;(62) 3375-1321;SECRETARIA MUNICIPAL DE ASSISTÊNCIA SOCIAL;Neide Alves de Lellis Oliveira e Paiva;(08) 0037-51040 Ramal 1 / Tel: 0800 375 1040 | E-mail: assistenciasocial@itaberai.go.gov.br;RUA Capitão Caldas, esquina com a Rua Ministro Guimarães Natal, 0, Centro, CEP: 76.630-000, ITABERAI/GO;-;Confirmado via web;CadSUAS + https://itaberai.go.gov.br/estrutura-organizacional/;2026-08 — Estrutura organizacional no site oficial atual lista Neide Alves de Lellis Oliveira e Paiva como secretária de Assistência Social (Rua Sá Tavares esq. c/ Rua Capitão Caldas, Centro). Nomeada em 11/02/2022 pela prefeita Rita de Cássia, reeleita em 2024 com ~95% para a gestão 2025-2028 (Jornal Opção), o que sustenta a continuidade. Variação de ordem do nome (Neide Lellis Paiva de Oliveira na notícia de posse) = mesma pessoa.
Itaguari;(62) 3396-1155 Ramal 30;SECRETARIA MUNCIPAL DE PROMOÇÃO SOCIAL, EMPREGO E HABITAÇAO;Fernanda Martins Amaral Vieira;(62) 3396-1155 Ramal 25;RUA PARANA COM RUA GOIÁS, SN, TRES PODERES, CEP: 76.650-000, ITAGUARI/GO;http://www.itaguari.go.gov.br;CadSUAS (gestão atual);CadSUAS;
Itaguaru;(62) 3398-1144;SECRETARIA DE ASSISTENCIA SOCIAL DE ITAGUARU;VERA LUCIA DE ARAUJO CAMARGO;(62) 3398-1144;PRAÇA JOAQUIM MOREIRA DAMASCENO, 735, CENTRO, CEP: 76.660-000, ITAGUARU/GO;-;CadSUAS (gestão atual);CadSUAS;
Itajá;(64) 3648-7500 Ramal 7501;SECRETARIA MUNICIPAL DE ASSISTÊNCIA SOCIAL;Karollyne Siqueira Silva;Oculto para proteção de dados (LGPD);RUA Rua Pio Cantarido de Medeiros, 235, CENTRO, CEP: 75.815-000, ITAJA/GO;-;CadSUAS (gestão atual);CadSUAS;
Itapaci;(62) 3361-1099;SECRETARIA MUNICIPAL DE ASSISTENCIA SOCIAL, TRABALHO E HABITAÇÃO;GISELE DO NASCIMENTO OLIVEIRA;Oculto para proteção de dados (LGPD);AVENIDA AVENIDA FLORESTA, 198, CENTRO, CEP: 76.360-000, ITAPACI/GO;-;CadSUAS (gestão atual);CadSUAS;
Itapirapuã;(62) 3374-1221;SECRETARIA MUNICIPAL DE ASSISTENCIA SOCIAL;Monica Claudia Cesar de Moraes;Oculto para proteção de dados (LGPD);AVENIDA TANCREDO NEVES, 62, CENTRO, CEP: 76.290-000, ITAPIRAPUA/GO;-;CadSUAS (gestão atual);CadSUAS;
Itapuranga;(62) 3355-7200;SECRETARIA DE CIDADANIA, ASSISTENCIA SOCIAL, TRABALHO E DA MULHER;ELIZABETHE CRISTINA MARTINS CARDOSO;(62) 3355-7200;RUA Rua 48, 900, CENTRO, CEP: 76.680-000, ITAPURANGA/GO;http://www.itapuranga.go.gov.br;CadSUAS (gestão atual);CadSUAS;
Itarumã;(64) 3659-1254 Ramal 206;Secretaria de Promoção e Assistência Social;ELCIONE FATIMA DE LIMA;(64) 3659-1396;PRAÇA Praça Sebastião Assis Freitas, 18, Centro, CEP: 75.810-000, ITARUMA/GO;-;CadSUAS (gestão atual);CadSUAS;
Itauçu;(62) 3378-1271;SECRETARIA MUNICIPAL DE ASSISTENCIA SOCIAL;Idiekson Vieira de Souza;(62) 3378-1271;PRAÇA Ilete Bueno, 285, CENTRO, CEP: 75.450-000, ITAUCU/GO;-;CadSUAS (gestão atual);CadSUAS;
Itumbiara;(64) 3433-0400 Ramal 472;Fundação de Solidariedade - FUNSOL;Ednon Candido Vieira;(64) 3433-0474 Ramal 0474;RUA PARANAÍBA, 117, CENTRO, CEP: 75.526-170, ITUMBIARA/GO;http://www.itumbiara.go.gov.br;CadSUAS (gestão atual);CadSUAS;
Ivolândia;(64) 3685-1144;SECRETARIA MUNICIPAL DE ACAO SOCIAL;Cicera Lorrayne Fernandes Mota;"Oculto para proteção de dados (LGPD) / Tel: (64) 98419-8516; E-mail: assistencia@ivolandia.go.gov.br";AVENIDA DEPUTADO JAMEL CECILIO Nº 192, 192, CENTRO, CEP: 76.130-000, IVOLANDIA/GO;-;Confirmado via web;CadSUAS + https://ivolandia.go.gov.br/estrutura-organizacional?id=15;2026-08 — Página oficial da Secretaria de Assistência Social indica gestão 2025/2028 e lista 'Cicera Lorrayne Fernandes' — mesma pessoa do CadSUAS (Cicera Lorrayne Fernandes Mota), grafia sem o sobrenome 'Mota'.
Jandaia;(64) 3563-2000;SECRETARIA MUNICIPAL DE ASSISTENCIA SOCIAL;CASSILENE ALVES PEREIRA;Oculto para proteção de dados (LGPD);AVENIDA DONA GERCINA BORGES TEIXEIRA, 56, DANIEL GOMES, CEP: 75.950-000, JANDAIA/GO;-;CadSUAS (gestão atual);CadSUAS;
Jaraguá;(62) 3326-4077;FUNDAÇAO MUNICIPAL GRACE MACHADO;GLADES MARIA DE OLIVEIRA SOUZA;(62) 3326-1153;RUA RUA 10, 235, CENTRO, CEP: 76.330-000, JARAGUA/GO;-;CadSUAS (gestão atual);CadSUAS;
Jataí;(64) 3632-8800;SECRETARIA MUNICIPAL DE DESENVOLVIMENTO SOCIAL E CIDADANIA;Alessandra Borges Ribeiro de Assis;(64) 3606-4947;RUA BENJAMIN CONSTANT, 1073, CENTRO, CEP: 75.800-016, JATAI/GO;-;CadSUAS (gestão atual);CadSUAS;
Jaupaci;(64) 3688-1120;SECRETARIA MUNICIPAL DE ASSISTENCIA SOCIAL;Gleice Gonçalves dos Santos;(64) 3688-1120 Ramal 201;RUA Guarda mor, 29, CENTRO, CEP: 76.210-000, JAUPACI/GO;-;CadSUAS (gestão atual);CadSUAS;
Jesúpolis;(62) 3359-1188 Ramal 22;SECRETARIA MUNICIPAL DE ASSISTÊNCIA SOCIAL;DIVANI OLIVEIRA SILVA;"(62) 3359-1080 / Tel: (62) 99517-6731; E-mail: social@jesupolis.go.gov.br";PRAÇA PRAÇA LUIZ DE MATTOS, 100, CENTRO, CEP: 75.495-000, JESUPOLIS/GO;-;Confirmado via web;CadSUAS + https://jesupolis.go.gov.br/estrutura-organizacional/?id=5;"2026-08 — Página oficial (gestão 2025/2028) lista Divani Oliveira Silva como Secretária de Promoção Social e Trabalho — órgão que responde pela assistência social no município (nome do órgão difere do CadSUAS). Telefone é o mesmo do atendimento geral da prefeitura; e-mail é específico da pasta."
Joviânia;(64) 3408-7000;SECRETARIA MUNICIPAL DE ASSISTÊNCIA SOCIAL;NADIA EMILLIANE SOUSA DE OLIVEIRA LUZ;(64) 3408-7037;RUA BENJAMIM BORGES GUIMARAES, 110, VILA CUSTÓDIO, CEP: 75.610-000, JOVIANIA/GO;-;CadSUAS (gestão atual);CadSUAS;
Jussara;(62) 3373-1241;Secretaria Municipal de Assistência Social;Eliane Rosa Rebouças;(62) 3373-1931;AVENIDA José Bonifácio, 208, Centro, CEP: 76.270-000, JUSSARA/GO;http://www.jussara.go.gov.br;CadSUAS (gestão atual);CadSUAS;
Lagoa Santa;(64) 3640-1303;SECRETARIA MUNICIPAL DE ASSISTÊNCIA SOCIAL;Flávia Cristina Pereira da Silva Macedo;(64) 3640-1303 Ramal 205;AVENIDA R. WALDOMIRO TEODORO RIOS, 0, Pousada das Nascentes, CEP: 75.819-000, LAGOA SANTA/GO;-;CadSUAS (gestão atual);CadSUAS;
Leopoldo de Bulhões;(62) 3337-1155 Ramal 222;SECRETARIA MUNICIPAL DE AÇÃO SOCIAL;POLLIANY AUGUSTO DE OLIVEIRA;Oculto para proteção de dados (LGPD);PRAÇA PRAÇA DOM BOSCO, 266, CENTRO, CEP: 75.190-000, LEOPOLDO DE BULHOES/GO;-;CadSUAS (gestão atual);CadSUAS;
Luziânia;(61) 3906-3080 Ramal 3080;PM- SECRETARIA MUNICIPAL DE DESENVOLVIMENTO SOCIAL E TRABALHO;Leonardo Roriz Filho;(61) 3906-3624 Ramal 3623;RUA rua coronel antonio carneiro, Nº 338, 338, CENTRO, CEP: 72.800-200, LUZIANIA/GO;-;CadSUAS (gestão atual);CadSUAS;
Mairipotaba;Oculto para proteção de dados (LGPD);PM - SECRETARIA MUNICIPAL DE PROMOCAO SOCIAL;ALESSANDRA BETSY AZER;Oculto para proteção de dados (LGPD);AVENIDA 12 de Novembro, 698, Jardim Tropical, CEP: 75.630-000, MAIRIPOTABA/GO;-;CadSUAS (gestão atual);CadSUAS;
Mambaí;(62) 3484-1251;SECRETARIA MUNICIPAL DE ASSISTENCIA SOCIAL;GLEICIMARA TEIXEIRA MOREIRA;Oculto para proteção de dados (LGPD);AVENIDA CASTELO BRANCO, 00, CENTRO, CEP: 73.970-000, MAMBAI/GO;-;CadSUAS (gestão atual);CadSUAS;
Mara Rosa;(62) 3366-2209;SECRETARIA MUNICIPAL DE ASSISTÊNCIA SOCIAL;MOIZÉLIA DE CASTRO FERRAZ;"(62) 3366-2087 / Tel: (62) 3366-2087; E-mail: assistenciasocial@mararosa.go.gov.br";AVENIDA DR BOUSSU, 1, CENTRO, CEP: 76.490-000, MARA ROSA/GO;-;Confirmado via web;CadSUAS + https://mararosa.go.gov.br/estrutura-organizacional/?id=79;2026-08 — Página oficial da Secretaria Municipal da Assistência Social indica gestão 2025/2028 e lista Moizelia de Castro Ferraz (mesma pessoa do CadSUAS, grafia sem acento).
Marzagão;(64) 3450-1706 Ramal 1717;SECRETARIA DE ASSISTÊNCIA SOCIAL;Gislane Ribeiro dos Santos Souza;(64) 3450-1700 Ramal 1717;AVENIDA Av. Bernardo Sayão, 260, Centro, CEP: 75.670-000, MARZAGAO/GO;-;CadSUAS (gestão atual);CadSUAS;
Matrinchã;(62) 3391-1193;SECRETARIA MUNICIPAL DE ASSISTENCIA SOCIAL;Karine Garcia Santos;(62) 3391-1634;RUA 03, S/N, BELA VISTA, CEP: 76.730-000, MATRINCHA/GO;-;CadSUAS (gestão atual);CadSUAS;
Maurilândia;(64) 3647-7100;SECRETARIA MUNICIPAL DE ASSISTENCIA SOCIAL;CLAUDIA GEORGINO DE SESSA MARTINS;(64) 3647-2269;RUA Sebastiao Alves de Faria, S/N, Lorena, CEP: 75.930-000, MAURILANDIA/GO;-;CadSUAS (gestão atual);CadSUAS;
Mimoso de Goiás;(62) 3463-1320;SECRETARIA MUNICIPAL DE PROMOÇÃO SOCIAL;DAVI ROSA DA COSTA;(62) 3463-1320;RUA 09 qd. 12, 09, CENTRO, CEP: 73.730-000, MIMOSO DE GOIAS/GO;-;CadSUAS (cadastro pré-2025, não confirmado);CadSUAS;Site oficial não lista secretários na estrutura organizacional. Única menção nominal encontrada a Davi Rosa Costa como secretário de assistência social é notícia oficial de 09/09/2021 (https://mimosodegoias.go.gov.br/ix-conferencia-municipal-de-assistencia-social/) — anterior a 2025, insuficiente para confirmar. Nenhuma fonte 2025-2026 localizada. Contato geral da prefeitura: (61) 99831-7169 / administracao@mimosodegoias.go.gov.br (não é contato específico da pasta).
Minaçu;(62) 3379-1020;SECRETARIA MUNICIPAL DE ASSISTÊNCIA SOCIAL;MARLA DA CUNHA;(62) 3379-1020 Ramal 7;RUA 05, 295, CENTRO, CEP: 76.450-000, MINACU/GO;http://www.minacu.go.gov.br;CadSUAS (gestão atual);CadSUAS;
Mineiros;(64) 3672-7801;SECRETARIA MUNICIPAL DE ASSISTÊNCIA SOCIAL;VITOR GABRIEL DIAS RESENDE;(64) 3661-0033;AVENIDA Ino Rezende, qd. 01A, lt 01A, 0, Residencial Michelangelo, CEP: 75.834-042, MINEIROS/GO;-;CadSUAS (gestão atual);CadSUAS;
Moiporá;(64) 3686-1288;PM - SECRETARIA MUNICIPAL DE ASSISTENCIA SOCIAL;Wanderli Maria Leite Ferreira;(64) 3686-1288;RUA 1, 0, LOTEAMENTO LIZANDRO, CEP: 76.135-000, MOIPORA/GO;-;CadSUAS (gestão atual);CadSUAS;
Monte Alegre de Goiás;(62) 3457-1231;SECRETARIA MUNICIPAL DE ASSISTENCIA SOCIAL;Joana Darc Saraiva de Sousa;(62) 3457-1121;PRAÇA SANTO ANTONIO, 30, CENTRO, CEP: 73.830-000, MONTE ALEGRE DE GOIAS/GO;-;CadSUAS (gestão atual);CadSUAS;
Montes Claros de Goiás;(62) 3370-1234;SECRETARIA MUNICIPAL DE ASSISTENCIA E PROMOCAO SOCIAL;ALESSANDRA CRISTINA RODRIGUES LEITE MACIEL;(62) 3370-1057;AVENIDA SANTOS DUMONT, 0, CENTRO, CEP: 76.255-000, MONTES CLAROS DE GOIAS/GO;http://www.montesclarosdegoias.go.gov.br;CadSUAS (gestão atual);CadSUAS;
Montividiu;(64) 3629-1530;SECRETARIA MUNICIPAL DE ASSISTENCIA SOCIAL;PAULA RODRIGUES DE SOUZA;Oculto para proteção de dados (LGPD);AVENIDA RIO VERDE, 0, CENTRO, CEP: 75.915-000, MONTIVIDIU/GO;http://www.montividiu.go.gov.br/novo_site/index.php;CadSUAS (gestão atual);CadSUAS;
Montividiu do Norte;(62) 3384-6282;SECRETARIA MUNICIPAL DE ASSISTENCIA SOCIAL;Luzia Abade Barreira Gonçalves;(62) 3384-6282;RUA RITA CANDIDA DE JESUS, 32, CENTRO, CEP: 76.465-000, MONTIVIDIU DO NORTE/GO;-;CadSUAS (gestão atual);CadSUAS;
Morrinhos;(64) 3417-2009;SECRETARIA MUNICIPAL DE DESENVOLVIMENTO SOCIAL;Cristiane Teixeira Lima;(64) 3417-2098;RUA MAJOR LIMÍRIO, 236, CENTRO, CEP: 75.650-000, MORRINHOS/GO;-;CadSUAS (gestão atual);CadSUAS;
Morro Agudo de Goiás;(62) 3334-3144;SECRETARIA MUNICIPAL DE ASSISTENCIA SOCIAL;MEIRE AUGUSTA DE LIMA ROSA;(62) 3334-3144 Ramal 27;AVENIDA AV. FLAMBOYANT, 749, CENTRO, CEP: 76.355-000, MORRO AGUDO DE GOIAS/GO;http://www.prefeiturademorroagudo.go.gov.br;CadSUAS (gestão atual);CadSUAS;
Mossâmedes;(64) 3377-1129;SECRETARIA MUNICIPAL DE ASSISTÊNCIA SOCIAL;JONAS EVANGELISTA DIAS GOMES;(64) 3377-1142;AVENIDA AVENIDA JOÃO FERREIRA DA CUNHA, 631, CENTRO, CEP: 76.150-000, MOSSAMEDES/GO;-;CadSUAS (gestão atual);CadSUAS;
Mozarlândia;(62) 3348-6333;SECRETARIA MUNICIPAL DE ASSISTÊNCIA SOCIAL;LUCIANA DA VEIGA JARDIM;(62) 3348-7086;RUA São Paulo, S/Nº, CENTRO, CEP: 76.700-000, MOZARLANDIA/GO;https://www.mozarlandia.go.gov.br;CadSUAS (gestão atual);CadSUAS;
Mundo Novo;(62) 3391-3488;SECRETARIA MUNICIPAL DE ASSISTENCIA SOCIAL;Dilva Dias da Silva;(62) 3391-3506;AVENIDA TAMBURIS, S/N, SAO LOURENÇO, CEP: 76.530-000, MUNDO NOVO/GO;-;Confirmado via web;CadSUAS + https://mundonovo.go.gov.br/3294-2/;"2026-05 — Notícia do site oficial da prefeitura publicada em 12/05/2026 cita 'a secretária municipal de Assistência Social, Dilva Dias' ao lado da prefeita Marlene Lourenço — mesma pessoa do CadSUAS (Dilva Dias da Silva), citada sem o sobrenome final. Nenhum contato direto da secretaria publicado; ouvidoria geral: ouvidoria@mundonovo.go.gov.br."
Mutunópolis;(62) 3382-6474;SECRETARIA MUNICIPAL DE ASSISTENCIA SOCIAL;MARIA APARECIDA DE LIMA;(62) 3382-6474;RUA 7 de setembro, 350, CENTRO, CEP: 76.540-000, MUTUNOPOLIS/GO;-;CadSUAS (gestão atual);CadSUAS;
Nazário;(64) 3680-1230;PM - SECRETARIA MUNICIPAL DE ASSISTENCIA SOCIAL;ILIZENA MARIA DA CUNHA CARVALHO;"(64) 3680-1230 Ramal 217 / Tel: (64) 3680-1230 / (64) 3680-1524; E-mail: assistenciasocial@nazario.go.gov.br";PRAÇA Manuel Fernandes Teixeira, 42, CENTRO, CEP: 76.180-000, NAZARIO/GO;http://www.nazario.paginaoficial.ws/;Confirmado via web;CadSUAS + https://www.nazario.go.gov.br/estrutura-organizacional/;2026-08 — Estrutura organizacional oficial lista Ilizena Maria da Cunha Carvalho na Assistência Social. A página lista como prefeito João Batista Carvalho ('Ferruja'), reeleito em 2024 para 2025-2028 (fonte: otempo.com.br/eleicoes/2024/candidatos/goias/nazario/prefeito/ferruja-44), o que indica que a página reflete a gestão atual.
Nerópolis;(62) 3513-1309;SECRETARIA MUNICIPAL DE ASSISTENCIA SOCIAL;TAUANNE NAYARA FERREIRA ALVES;(62) 3513-1309;PRAÇA ANTONIO DUTRA, Nº 01, CENTRO, CEP: 75.460-000, NEROPOLIS/GO;http://www.neropolis.go.gov.br;CadSUAS (gestão atual);CadSUAS;
Niquelândia;(62) 3354-3439;SECRETARIA MUNICIPAL DE ASSISTÊNCIA SOCIAL;CLAUDILENE ARANTES PIMENTEL MOREIRA;Oculto para proteção de dados (LGPD);PRAÇA Praça Mestre Dário, 01, Centro, CEP: 76.420-000, NIQUELANDIA/GO;-;CadSUAS (gestão atual);CadSUAS;
Nova América;(62) 3345-6144;SECRETARIA MUNICIPAL DE ASSISTENCIA SOCIAL;EURIDIA MARIA DE SOUZA;(62) 3345-6144 Ramal 24;AVENIDA JUSCELINO KUBSCHEK, 329, CENTRO, CEP: 76.345-000, NOVA AMERICA/GO;-;CadSUAS (gestão atual);CadSUAS;
Nova Aurora;(64) 3698-1057 Ramal 1050;SECRETARIA MUNICIPAL DE ASSISTENCIA SOCIAL;ISABELA PÁDUA SILVA;(64) 3698-1057 Ramal 1057 / Tel: (64) 3698-1057 / (64) 99973-1764 (publicados na página oficial da secretaria: https://novaaurora.go.gov.br/acao-social-trabalho-e-habitacao/);RUA BAHIA, 60, CENTRO, CEP: 75.750-000, NOVA AURORA/GO;-;Confirmado via web;CadSUAS + https://zapcatalao.com.br/nova-aurora-abre-comemoracoes-do-trabalhador-e-das-maes-com-festa-marcada-por-shows-e-grande-publico/;2026-05 — Notícia local de 02/05/2026 cita 'a secretária de Assistência Social Isabela Pádua' ao lado do prefeito Junior Marreco — mesma pessoa do CadSUAS (Isabela Pádua Silva). A página oficial da pasta (Promoção Social) publica os telefones, mas não o nome da titular.
Nova Crixás;(62) 3385-3180;SECRETARIA MUNICIPAL DE ASSISTÊNCIA SOCIAL;Roberta Santos Pedroso Tavares;(62) 3385-3685;RUA MARECHAL DEODORO, 0, AEROPORTO, CEP: 76.520-000, NOVA CRIXAS/GO;-;CadSUAS (gestão atual);CadSUAS;
Nova Glória;(62) 3345-3159;SECRETARIA MUNICIPAL DE ASSISTENCIA SOCIAL;MARIA LEDA CABRAL DE OLIVEIRA;(62) 3345-3286;RUA Rua Heloisa de Fátima Vargas, 434, Setor Bispo, CEP: 76.305-000, NOVA GLORIA/GO;-;CadSUAS (cadastro pré-2025, não confirmado);CadSUAS;Atenção: no CadSUAS o mandato de Maria Leda Cabral de Oliveira já terminou em 31/12/2024. Nenhuma fonte 2025-2026 localizada nomeando titular atual — site oficial (novagloria.go.gov.br) não lista secretários e o portal de acesso à informação retornou 403. Contato geral da prefeitura: (62) 3345-3159 / admnovagloria@gmail.com (não é contato específico da pasta). Recomenda-se contato direto para apurar.
Nova Iguaçu de Goiás;(62) 3381-3159;SECRETARIA MUNICIPAL DE ASSISTÊNCIA SOCIAL;SIRLENE MARIA SILVA OLIVEIRA;Oculto para proteção de dados (LGPD);AVENIDA TANCREDO NEVES, 69, SETOR CENTRAL, CEP: 76.495-000, NOVA IGUACU DE GOIAS/GO;-;CadSUAS (gestão atual);CadSUAS;
Nova Roma;(62) 3482-1282;SECRETARIA MUNICIPAL DE ASSISTENCIA SOCIAL;MARLENE FERREIRA FIGUEREDO DE SOUZA;(62) 3482-1282;PRAÇA PRAÇA AUGUSTO PIO DE SANTANA, 01, centro, CEP: 73.820-000, NOVA ROMA/GO;-;CadSUAS (cadastro pré-2025, não confirmado);CadSUAS;Nenhuma fonte 2025-2026 localizada nomeando o(a) titular da assistência social. O site oficial (novaroma.go.gov.br) não lista secretários na estrutura organizacional. Termo de cooperação estadual de jan/2026 (goias.gov.br/social, TC-Nova-Roma.pdf) é digitalizado sem texto extraível. Contato geral da prefeitura: (62) 98280-0062 (não é contato específico da pasta).
Nova Veneza;(62) 3356-1120;SECRETARIA MUNICIPAL DE ASSISTENCIA SOCIAL;MESSIANE ROSA AGAIPITO;"(62) 3356-1120 / Tel (62) 3356-1120; e-mail smasnovaveneza@gmail.com; Av. Vereador José Francisco da Silva, nº 72, Centro";AVENIDA Vereador José Francisco da Silva, 72, Centro, CEP: 75.470-000, NOVA VENEZA/GO;-;Confirmado via web;CadSUAS + https://novaveneza.go.gov.br/estrutura_organizacional?id=50;2026-08 — Página atual da estrutura organizacional do site oficial lista 'Messiane Rosa Agaipito Costa' como titular da Secretaria de Assistência Social — mesma pessoa do CadSUAS, com sobrenome adicional 'Costa'.
Novo Brasil;(62) 3381-1214;SECRETARIA MUNICIPAL DE ASSISTÊNCIA SOCIAL;KAMILLA LAZARO TAVARES;(62) 3381-1214;PRAÇA DEGIR MIRANDA TELES, S/N, CENTRO, CEP: 76.285-000, NOVO BRASIL/GO;-;CadSUAS (gestão atual);CadSUAS;
Novo Gama;(61) 3628-1008;SECRETARIA MUNICIPAL DE ASSISTÊNCIA SOCIAL;JOSCILENE MARTINS DOS SANTOS;"(61) 3628-1009 / Tel (61) 3628-7436; e-mail social@novogama.go.gov.br; Qd. 504, Lt. 15, s/n, Pedregal";AVENIDA Quadra : 504, 15, PEDREGAL, CEP: 72.860-000, NOVO GAMA/GO;http://www.prefeituranovogama.com.br;Confirmado via web;CadSUAS + https://novogama.go.gov.br/estrutura_organizacional;2026-08 — Site oficial atual lista Joscilene Martins dos Santos como titular. O órgão hoje se chama 'Secretaria de Promoção Social e Cidadania' (nome diferente do CadSUAS, mesma pasta e mesma pessoa).
Novo Planalto;(62) 3374-6259;SECRETARIA DA AÇÃO SOCIAL TRABALHO E HABITAÇÃO;Renata Aparecida Avelar Rodrigues;(62) 3374-6115;RUA SALVADOR, 0, CENTRO, CEP: 76.580-000, NOVO PLANALTO/GO;http:/www.novoplanalto.go.gov.br;Confirmado via web;CadSUAS + https://portalsr.com.br/novo-planalto-entrega-cartoes-de-programas-sociais-e-beneficia-familias/;2026-06 — Notícia de 24/06/2026 (Portal SR) cita 'Renata Avelar', primeira-dama e secretária municipal de Assistência Social, entregando cartões de programas sociais — mesma pessoa do CadSUAS (nome abreviado na notícia). Não localizei contato direto da secretaria publicado em fonte oficial.
Orizona;(64) 3474-1491 Ramal 00;SECRETARIA MUNICIPAL DE ASSISTÊNCIA SOCIAL;Kátya Helou Cândido de Paula Freitas Ramos Bastos;Oculto para proteção de dados (LGPD);PRAÇA AMIZADE, 0, CAMPO FORMOSO, CEP: 75.280-015, ORIZONA/GO;-;CadSUAS (gestão atual);CadSUAS;
Ouro Verde de Goiás;(62) 3342-1125;SECRETARIA MUNICIPAL DE ASSISTENCIA SOCIAL;BEATRIZ NAYARA REIS FONSECA;"(62) 3342-1125 / Tel (62) 3342-1125; e-mail assistenciasocial@ouroverdegoias.go.gov.br; Rua Honorato dos Santos, S/N, Qd. 50 Lt. 10, Centro";AVENIDA DO COMÉRCIO, 29, CENTRO, CEP: 75.165-000, OURO VERDE DE GOIAS/GO;-;Confirmado via web;CadSUAS + https://ouroverdegoias.go.gov.br/administracao/estrutura-org/;2026-08 — Página atual de estrutura organizacional do site oficial lista Beatriz Nayara Reis Fonseca como secretária de Assistência Social. Ela é esposa do prefeito Rodrigo Pereira Fonseca, reeleito para 2025-2028, o que reforça a continuidade no cargo.
Ouvidor;(64) 3478-1250 Ramal 0;SECRETARIA MUNICIPAL DE ASSISTENCIA SOCIAL;ANA LUCIA DA SILVA;"(64) 3478-1250 / Tel (64) 3180-0010; e-mail acaosocial@ouvidor.go.gov.br; Av. Antonio Torquato, s/nº (esq. c/ Rua Anhanguera)";RUA Anhanguera, 0, CENTRO, CEP: 75.715-000, OUVIDOR/GO;-;Confirmado via web;CadSUAS + https://ouvidor.go.gov.br/secretaria-municipal-de-cidadania-e-assistencia-social-cras;2026-08 — Site oficial atual lista Ana Lúcia da Silva como Secretária Municipal de Cidadania e Assistência Social (órgão com nome ligeiramente diferente do CadSUAS, mesma pasta e mesma pessoa).
Padre Bernardo;(55) 1363-32428 Ramal 1794;SECRETARIA MUNICIPAL DE ASSISTENCIA SOCIAL E DESENVOLVIMENTO ECONOMICO;ANDRESSA FRANCIELE RODRIGUES DA SILVA;"(55) 1363-32428 / Tel (61) 3633-2428; e-mail semas@padrebernardo.go.gov.br; Rua 55, Qd. 22, Lts. 15/19, Setor Leste";RUA 55 QD 22 LOTE 13/15/17/19, 00, SETOR LESTE, CEP: 73.700-000, PADRE BERNARDO/GO;http://www.padrebernardo.go.gov.br;Confirmado via web;CadSUAS + https://padrebernardo.go.gov.br/estrutura/secretaria-municipal-de-assistencia-social/;2026-08 — Apesar de o mandato no CadSUAS terminar em 31/12/2024, a página atual da secretaria no site oficial continua listando Andressa Franciele Rodrigues da Silva, e notícia de evento em 06/05/2025 (Jornal Opção Entorno) a cita como secretária ('Andressa Franciely Rodrigues' — grafia variante da mesma pessoa). Permaneceu na nova gestão.
Palestina de Goiás;(64) 3662-1193;SECRETARIA MUNICIPAL DE BEM ESTAR SOCIAL;CAMILA SUENE MIRANDA ALVES;(64) 3662-1267;AVENIDA BASTOS, S/N, CENTRAL, CEP: 75.845-000, PALESTINA DE GOIAS/GO;-;CadSUAS (gestão atual);CadSUAS;
Palmeiras de Goiás;(64) 3430-2110;SECRETARIA DE ASSISTENCIA SOCIAL;JUSSARA PORTO MACHADO;(64) 3430-2121 Ramal 0;RUA Quintino Bocaiuva, 0, Centro, CEP: 76.190-000, PALMEIRAS DE GOIAS/GO;-;CadSUAS (gestão atual);CadSUAS;
Palmelo;(64) 3694-1307;SECRETARIA MUNICIPAL DE PROMOÇÃO E ASSISTENCIA SOCIAL;Miraiz Menezes da Costa Amorim;(64) 3694-1307 Ramal 22;AVENIDA EMANUEL, 435, CENTRO, CEP: 75.210-000, PALMELO/GO;-;CadSUAS (gestão atual);CadSUAS;
Palminópolis;(64) 3675-1167;SECRETARIA MUNICIPAL DE ASSISTENCIA SOCIAL;FERNANDA KELEM BORGES E SILVA VAZ;"(64) 3675-1379 / Tel (64) 99344-8842 / (64) 3675-1379; e-mail pmassistenciasocial@yahoo.com.br; Rua Pedro Geraldo Lopes, s/n, Centro";RUA PEDRO GERALDO LOPES, 395, CENTRO, CEP: 75.990-000, PALMINOPOLIS/GO;-;Confirmado via web;CadSUAS + https://palminopolis.go.gov.br/administracao/estrutura-organizacional/;2026-08 — Página atual de estrutura organizacional do site oficial lista Fernanda Kelem Borges e Silva Vaz como secretária de Assistência Social (a mesma pessoa aparece também como titular da Saúde, indicando acúmulo de pastas).
Panamá;(64) 3479-1126;SECRETARIA MUNICIPAL DE ASSISTENCIA SOCIAL;Bruna Tiago da Cunha;(64) 3479-1148;AVENIDA Itumbiara, 00, CENTRO, CEP: 75.580-000, PANAMA/GO;-;CadSUAS (gestão atual);CadSUAS;
Paranaiguara;(64) 3655-0100;SECRETARIA MUNICIPAL DE ASSISTÊNCIA SOCIAL;CÁTIA BARCELOS SANTOS BARBOSA;"(64) 3655-2435 / Tel (64) 3655-2435 ramal 135; e-mails asocialpguara@gmail.com e sec.acaosocial@paranaiguara.go.gov.br; Av. Oscar Bernardes, Qd. 34, Lt. 03, s/n, Centro";AVENIDA OSCAR BERNARDES, 0, CENTRO, CEP: 75.880-000, PARANAIGUARA/GO;http://www.paranaiguara.go.gov.br;Confirmado via web;CadSUAS + https://paranaiguara.go.gov.br/estrutura-organizacional/;2026-08 — Site oficial atual lista Cátia Barcelos Santos Barbosa (primeira-dama) como titular. O órgão hoje se chama 'Secretaria Municipal de Ação Social e Promoção Humana' (nome diferente do CadSUAS, mesma pasta e mesma pessoa).
Paraúna;(64) 3556-1800;SECRETARIA DE ASSISTENCIA SOCIAL;Loanna Arantes Ataídes Braz;"(64) 3957-7033 / Tel (64) 3556-7033 / 3556-7211 / 3556-7202; e-mail acaosocial@parauna.go.gov.br; Rua 17, s/n, Setor São Sebastião";PRAÇA Eugênio Sardinha da Costa, 02, cenrtro, CEP: 75.980-000, PARAUNA/GO;-;Confirmado via web;CadSUAS + https://www.parauna.go.gov.br/estrutura_organizacional/?id=71;2026-08 — Página atual da Secretaria de Assistência Social no site oficial lista Loanna Arantes Ataídes Braz como titular. Um resultado de busca em cache antigo citava 'Tiago Valadão' como responsável, mas a página oficial ao vivo confirma Loanna. Telefone exibido no site com grafia '64 35567-7033' (aparente erro de digitação de 3556-7033).
Perolândia;(64) 3639-1112 Ramal 22;SECRETARIA MUNICIPAL DE DESENVOLVIMENTO SOCIAL E CIDADANIA;LUCI MARA BRIZOLLA DO AMARAL;(64) 3639-1712;RUA Rua Moises Moraes de Carvalho, 0, Renovação I, CEP: 75.823-000, PEROLANDIA/GO;-;CadSUAS (gestão atual);CadSUAS;
Petrolina de Goiás;(62) 3334-6559;Secretaria Municipal de Assistência Social;Cristiane Gomes Pereira;(62) 3148-0004;AVENIDA DIASSIS DE SOUZA BRITO, 0, JARDIM ESMERALDAS, CEP: 75.480-000, PETROLINA DE GOIAS/GO;http://www.petrolina.go.gov.br;CadSUAS (cadastro pré-2025, não confirmado);CadSUAS;Nenhuma fonte de 2025-2026 nomeia o(a) titular da Secretaria de Ação Social, Trabalho e Emprego. O site oficial descreve a pasta mas não publica o nome do(a) secretário(a) nem contato próprio (apenas o gabinete: (62) 9 9251-6292 / prefeitura@petrolina.go.gov.br). Contexto: o prefeito Tiago Pacheco (UB) foi reeleito em 2024 — mesma gestão desde 2021, quando Cristiane Gomes Pereira assumiu segundo o CadSUAS — o que sugere possível continuidade, mas sem confirmação nominal. Mantido o CadSUAS.
Pilar de Goiás;Oculto para proteção de dados (LGPD);SECRETARIA MUNICIPAL DE ASSISTENCIA SOCIAL;STEYCE SOUSA NEVES JAPIASSÚ DO NASCIMENTO;Oculto para proteção de dados (LGPD);AVENIDA Avenida Central Praça das Cavalhadas, 401, CENTRO, CEP: 76.370-000, PILAR DE GOIAS/GO;-;CadSUAS (gestão atual);CadSUAS;
Piracanjuba;(64) 3405-4020;SECRETARIA MUNICIPAL DE ASSISTENCIA SOCIAL;Gleide Sulamita de Souza Castro;Oculto para proteção de dados (LGPD);RUA Rua Jose Elias Resende, 124, CENTRO, CEP: 75.640-000, PIRACANJUBA/GO;-;CadSUAS (gestão atual);CadSUAS;
Piranhas;(64) 3665-7000;SECRETARIA MUNICIPAL DE DESENVOLVIMENTO SOCIAL;LAINE BRAZ DOS SANTOS;(64) 3665-7000;AVENIDA Independência, 700, CENTRO, CEP: 76.230-000, PIRANHAS/GO;-;CadSUAS (gestão atual);CadSUAS;
Pirenópolis;(62) 3331-1299;Secretaria Municipal Integrada de Saúde, Assistência Social,Esporte e Lazer;Hisham Mohamad Hamida;Oculto para proteção de dados (LGPD);RUA Virgílio Araujop Godinho, 0, Jardim Estrela Dalva II, CEP: 72.984-160, PIRENOPOLIS/GO;http://www.pirenopolis.go.gov.br/;CadSUAS (gestão atual);CadSUAS;
Pires do Rio;(64) 3461-4000 Ramal 0;Secretaria Municipal de Assistência Social;TATYANA MACEDO GONÇALVES BATISTA;(64) 3461-4000 Ramal 214;PRAÇA Francisco Felipe Machado, 37, Centro, CEP: 75.200-000, PIRES DO RIO/GO;-;CadSUAS (gestão atual);CadSUAS;
Planaltina;(61) 3637-1273;SECRETARIA MUNICIPAL DE DESENVOLVIMENTO SOCIAL;LILIAN KELLY DE SOUZA;(61) 3637-3492;QUADRA QUADRA 20 MC, 06, SETOR LESTE, CEP: 73.750-000, PLANALTINA/GO;-;Confirmado via web;CadSUAS + https://perfildosmunicipios.com.br/2025/09/22/delegado-cristiomario-na-china-prefeito-de-planaltina-de-goias-trabalha-para-atrair-investimentos-para-cidades-do-entorno/;2025-09 — Matéria de 22/09/2025 cita 'a primeira-dama e secretária de Desenvolvimento Social, Lilian Kelly', esposa do prefeito Delegado Cristiomário (PP, gestão 2025-2028). Também aparece em vídeo do Facebook oficial da Prefeitura de Planaltina prestando contas como Secretária Municipal de Desenvolvimento Social, e a SMDS abriu seletivos em 2025-2026. Mesma pessoa do CadSUAS (LILIAN KELLY DE SOUZA), citada nas fontes apenas como 'Lilian Kelly'.
Pontalina;(64) 3471-1055;SECRETARIA MUNICIPAL DE DESENVOLVIMENTO SOCIAL;MARNIA APARECIDA DE F. RIBEIRO GUIMARAES;(64) 3471-2385;AVENIDA COMERCIAL, 320, CENTRO, CEP: 75.620-000, PONTALINA/GO;-;Confirmado via web;CadSUAS + https://www.instagram.com/marniaguimaraes/;2026-08 — Mesma pessoa do CadSUAS ('MARNIA APARECIDA DE F. RIBEIRO GUIMARAES'). Bio atual do perfil (acessada em 08/2026): 'Primeira-Dama e Secretária de Desenvolvimento Social de Pontalina'. Ela é esposa do prefeito Edson Guimarães (MDB), reeleito para 2025-2028. Corroboração: Portal da Alego (10/03/2026) a cita como 'primeira-dama de Pontalina, Márnia Aparecida de Freitas' (https://portal.al.go.leg.br/noticias/162819/...), e o site oficial da prefeitura a nomeia como 'primeira-dama e secretária de desenvolvimento Social Márnia Guimarães' (matéria antiga, ~2022). Nenhuma fonte 2025+ a cita nominalmente no cargo em texto jornalístico datado — a confirmação apoia-se na bio atual + continuidade da gestão.
Porangatu;(08) 0036-25000;SECRETARIA MUNICIPAL DE ASSISTENCIA SOCIAL;LEILIAN FERREIRA DA CUNHA;(08) 0036-25020;AVENIDA Mutunopolis, SN, Pilão de Pedra, CEP: 76.556-352, PORANGATU/GO;-;CadSUAS (gestão atual);CadSUAS;
Porteirão;(64) 3643-1144 Ramal 1144;Secretaria Municipal de Assistência Social;Maria do Carmo Tavares Silva;(64) 3643-1558;RUA MATO GROSSO, 838, Centro, CEP: 75.603-000, PORTEIRAO/GO;-;CadSUAS (cadastro pré-2025, não confirmado);CadSUAS;Nenhuma fonte de 2025-2026 nomeia a titular. O site oficial tem galeria de jan/2022 intitulada 'A Primeira Dama e Secretária de Assistência Social' (sem nome no texto), indicando que a primeira-dama acumula a pasta. O prefeito João Henrique Silva ('Henrique', MDB) foi reeleito em 2024, o que sugere possível continuidade de Maria do Carmo Tavares Silva, mas o site não publica nomes de secretários nem contato próprio da pasta (geral: (64) 3643-1144 / ouvidoria (64) 9 9277-9462). Mantido o CadSUAS.
Portelândia;(64) 3666-1159;SECRETARIA MUNICIPAL DE ASSISTENCIA SOCIAL E DO TRABALHO;ZILDAIR HONORIA RODRIGUES OLIVEIRA;(64) 3666-1332;PRAÇA PRAÇA MANOEL OLIVEIRA GUIMARÃES, SN, CENTRO, CEP: 75.843-000, PORTELANDIA/GO;-;CadSUAS (gestão atual);CadSUAS;
Posse;(62) 3481-1370;SECRETARIA MUNICIPAL DE AÇÃO SOCIAL;Jaynara Eloi de Melo Krauspenhar;(62) 3481-3657;RUA Nelson Vieira de Brito, 329, Central, CEP: 73.900-000, POSSE/GO;-;CadSUAS (gestão atual);CadSUAS;
Professor Jamil;(64) 3498-1494 Ramal 201;Secretaria Municipal de Assistencia Social;MARINEY PINHEIRO NOVAES;Oculto para proteção de dados (LGPD);RUA RUA MATILDE FERRARINE, 235, BOA NOVA, CEP: 75.645-000, PROFESSOR JAMIL/GO;http://www.professorjamil.go.gov.br;Confirmado via web;CadSUAS + https://portal.al.go.leg.br/noticias-dos-gabinetes/164132/gomide-reforca-parceria-em-professor-jamil-e-amplia-dialogo-por-melhorias;2026-04 — Matéria do Portal da Alego de 24/04/2026 cita 'secretária de Assistência Social Mariney Pinheiro Novais' participando de reunião em Professor Jamil. Grafia 'Novais' vs 'NOVAES' do CadSUAS = mesma pessoa. Prefeito atual: Ney Novaes (PT, gestão 2025-2028).
Quirinópolis;(64) 3615-9100;SECRETARIA MUNICIPAL DE PROMOÇÃO E ASSISTÊNCIA SOCIAL;GEICIANE SOUZA FERREIRA SILVA;Oculto para proteção de dados (LGPD);AVENIDA Garibalde Teixeira, 185, Centro, CEP: 75.860-000, QUIRINOPOLIS/GO;-;Confirmado via web;CadSUAS + https://quirinopolis.go.gov.br/quirinopolis-reforca-combate-a-violencia-contra-a-mulher-com-evento-do-agosto-lilas/;"2025-08 — Notícia do site oficial da prefeitura de 26/08/2025 cita 'Primeira-Dama e Secretária de Ação Social' Geiciane Souza (evento Agosto Lilás). Mesma pessoa do CadSUAS (GEICIANE SOUZA FERREIRA SILVA); primeira-dama do prefeito Anderson de Paula (PDT). A pasta aparece no site como Secretaria Municipal de Promoção e Assistência Social; não há contato direto da secretaria publicado (apenas ouvidoria@quirinopolis.go.gov.br)."
Rialma;(62) 3397-1555;SECRETARIA MUNICIPAL DE AÇÃO E PROMOÇÃO SOCIAL;Aline Gomes;(62) 3397-1555;RUA PEDRO FELINTO REGO, 780, centro, CEP: 76.310-000, RIALMA/GO;-;Atualizado via web;https://portal.al.go.leg.br/noticias/155589/programa-alego-social-recebeu-a-primeira-dama-e-secretaria-de-assistencia-social-de-rialma-medica-aline-gomes;2025-06 — O próprio CadSUAS já registrava o fim do mandato de Marluce Percussor Rego Brandão em 27/02/2023. Matéria do Portal da Alego de 09/06/2025 identifica a médica Aline Gomes, primeira-dama e esposa do prefeito Lucas Chaves ('Dr. Lucas', UB, empossado 01/2025), como secretária de Assistência Social de Rialma, no cargo desde o início de 2025 ('menos de seis meses na cadeira'). A página da secretaria no site oficial publica só o contato geral da prefeitura: (62) 3397-1555 (WhatsApp) / sic@rialma.go.gov.br.
Rianápolis;(62) 3348-3130;SECRETARIA MUNICIPAL DE AÇÃO E PROMOÇÃO SOCIAL;Kelly Maria da Costa;(62) 3348-3139 / (62) 3348-3139 / assistenciasocial@rianapolis.go.gov.br;PRAÇA Antonio de Morais Rodrigues, 393, Centro, CEP: 76.315-000, RIANAPOLIS/GO;-;Confirmado via web;CadSUAS + https://rianapolis.go.gov.br/estrutura/secretaria-de-acao-e-promocao-social/;"2026-08 — A página atual da Secretaria de Ação e Promoção Social no site oficial (acessada em 08/2026, sem data de publicação) lista Kelly Maria da Costa como titular, com telefone e e-mail próprios da pasta. Ela é primeira-dama do prefeito Gilber Roque Pereira de Miranda (PP), no cargo desde 2021 e REELEITO para 2025-2028 (posse 01/01/2025) — continuidade de gestão consistente com o mandato CadSUAS até 2028. Ressalva: não foi localizada notícia datada de 2025-2026 citando-a nominalmente no cargo; a citação nominal datada mais recente é de 2021 (XI Conferência do CMAS)."
Rio Quente;(64) 3452-7000 Ramal 0;SECRETARIA MUNICIPAL DE DESENVOLVIMENTO SOCIAL, DA MULHER E DA PESSOA COM DEFICIENCIA;CLEYNNUBIA RODRIGUES DE LIMA;(64) 3452-7000;AVENIDA AV JOSÉ DIAS GUIMAARÃES, 535, CENTRO, CEP: 75.667-000, RIO QUENTE/GO;-;CadSUAS (gestão atual);CadSUAS;
Rio Verde;(64) 3602-8048;SECRETARIA MUNICIPAL DE ASSISTÊNCIA SOCIAL;LARA SANTUX ANDRADE CARRIJO;(64) 3602-8800 Ramal 8803;RUA OSÓRIO COELHO DE MORAES, 1391, JARDIM GOIÁS, CEP: 75.901-020, RIO VERDE/GO;http://www.rioverdegoias.com.br;CadSUAS (gestão atual);CadSUAS;
Rubiataba;(62) 3325-1230 Ramal 221;Secretaria Municipal de Assistencia Social;EDIR GOMES DE MORAIS SILVA;(62) 3325-1259 / 0800 002 1922 / secsocial@rubiataba.go.gov.br;AVENIDA AV.CARAIBA, 385, BELA VISTA, CEP: 76.350-000, RUBIATABA/GO;-;Confirmado via web;CadSUAS + https://rubiataba.go.gov.br/estrutura/secretaria-municipal-de-promocao-e-assistencia-social/;"2026-08 — A página atual da Secretaria Municipal de Promoção e Assistência Social no site oficial (acessada em 08/2026, sem data de publicação) lista Edir Gomes de Morais Silva como titular, com telefone e e-mail próprios da pasta. O prefeito Padre Weber Sivirino (PSD) foi REELEITO em 2024 — gestão contínua desde a nomeação de Edir em 04/2024 (CadSUAS), o que sustenta a permanência. Ressalva: nenhuma notícia datada de 2025-2026 a cita nominalmente; a confirmação apoia-se no site oficial vigente + continuidade da gestão."
Sanclerlândia;(64) 0800-00001;SECRETARIA MUNICIPAL DE ASSISTÊNCIA SOCIAL;SILVANIA MARIA DOS REIS LAGARES;Oculto para proteção de dados (LGPD);RUA Edmundo Gomes, 45, Setor ORS, CEP: 76.160-000, SANCLERLANDIA/GO;http://www.sanclerlandia.go.gov.br;CadSUAS (gestão atual);CadSUAS;
Santa Bárbara de Goiás;(62) 3683-1969;SECRETARIA MUNICIPAL DE ASSISTENCIA SOCIAL;Ana Flávia Vaz Margarida;"Oculto para proteção de dados (LGPD) / assistenciasocial@santabarbara.go.gov.br (e-mail da pasta publicado no Cadastro de Autoridades 2025 do Governo de Goiás); tel. geral da prefeitura (62) 3683-1156";PRAÇA GERONIMO BENTO, 64, CENTRO, CEP: 75.398-000, SANTA BARBARA DE GOIAS/GO;-;Confirmado via web;CadSUAS + https://goias.gov.br/governo/cadastro-de-autoridade/;2025-11 — O Cadastro de Autoridades 2025 do Governo de Goiás (atualizado 18/11/2025) lista Ana Flávia Vaz Margarida como primeira-dama do prefeito atual Job Martins de Deus (PDT, gestão 2025-2028) e vincula a ela o e-mail institucional da assistência social — consistente com o CadSUAS (mandato até 31/12/2028). Nenhuma fonte 2025-2026 cita outra pessoa no cargo. O site da prefeitura não publica o nome do titular.
Santa Cruz de Goiás;(64) 3742-1150 Ramal 1130;SECRETARIA MUNICIPAL DE ASSISTÊNCIA SOCIAL, DA IGUALDADE RACIAL E DA MULHER;SEBASTIANA LOURENÇO CORREIA DA PAZ;Oculto para proteção de dados (LGPD);RUA PADRE PREGO, 28, CENTRO, CEP: 75.220-000, SANTA CRUZ DE GOIAS/GO;-;CadSUAS (gestão atual);CadSUAS;
Santa Fé de Goiás;Oculto para proteção de dados (LGPD);SECRETARIA MUNICIPAL DE ASSISTENCIA SOCIAL;Lidiane Ferreira e Paiva;Oculto para proteção de dados (LGPD);RUA JOSE BORGES JUNIOR, 2, PRIMAVERA, CEP: 76.265-000, SANTA FE DE GOIAS/GO;-;CadSUAS (gestão atual);CadSUAS;
Santa Helena de Goiás;(64) 3641-8785 Ramal 0;SECRETARIA MUNICIPAL DE PROMOÇÃO SOCIAL;Carolina Goularte Miranda Parreira;(64) 3641-8737;AVENIDA ANTÕNIO GONÇALVES, 0, PARQUE RES. ISAURA, CEP: 75.920-000, SANTA HELENA DE GOIAS/GO;-;CadSUAS (gestão atual);CadSUAS;
Santa Isabel;(62) 3358-1218;SECRETARIA MUNICIPAL DE ASSISTENCIA SOCIAL;GIANI MARIA FERREIRA;(62) 3358-1214;PRAÇA PRAÇA ANTONIO FRANCISCO DA SILVA, SN, CENTRAL, CEP: 76.320-000, SANTA ISABEL/GO;-;CadSUAS (cadastro pré-2025, não confirmado);CadSUAS;Nada conclusivo. O mandato de Giani Maria Ferreira no CadSUAS terminou em 31/12/2024 e o prefeito atual é Levino de Souza Silva (Solidariedade, gestão 2025-2028), então o registro provavelmente está desatualizado, mas nenhuma fonte 2025-2026 informa o(a) titular atual. O site oficial descreve a secretaria sem nomear o(a) secretário(a). Contato geral da prefeitura: (62) 3358-1215 / (62) 3358-1302, prefeiturasantaisabel@yahoo.com.br (não é contato direto da secretaria).
Santa Rita do Araguaia;(64) 3635-7000 Ramal 225;SECRETARIA MUNICIPAL DA ASSISTENCIA SOCIAL;VALDENICE MARTINS VIEIRA;"(64) 3635-7000 Ramal 225 / assistenciasocialsantarita@hotmail.com (e-mail da pasta no Cadastro de Autoridades 2025 do Governo de Goiás); tel. da secretaria no site oficial: (64) 3635-7000 (WhatsApp/ligações)";RUA RUA ABILIO ALVES FERREIRA, 790, CENTRO, CEP: 75.840-000, SANTA RITA DO ARAGUAIA/GO;-;CadSUAS (cadastro pré-2025, não confirmado);CadSUAS;"Sinais conflitantes: o Cadastro de Autoridades 2025 do Governo de Goiás lista Valdenice Martins Vieira como primeira-dama do prefeito reeleito Carlos Tadeu Rocha Vieira e vincula a ela o e-mail da assistência social (favorece continuidade), MAS no Diário Municipal AGM de 15/07/2025 quem assina os atos do Fundo Municipal de Assistência Social é 'Lorena de Souza Guimarães Vieira — Gestora do FMAS'. Nenhuma fonte 2025+ cita expressamente o cargo de secretária, então o CadSUAS é mantido; recomenda-se confirmar por telefone quem é a titular (Valdenice ou Lorena)."
Santa Rita do Novo Destino;(62) 3394-0053;SECRETARIA DE ASSISTENCIA SOCIAL E SOLIDARIEDADE HUMANA;Viviane Ferreira de Souza Oliveira;(62) 3394-0053 Ramal 0;RUA Laurentino Martins Rodrigues, S /N, CENTRO, CEP: 76.395-000, SANTA RITA DO NOVO DESTINO/GO;-;CadSUAS (gestão atual);CadSUAS;
Santa Rosa de Goiás;(62) 3335-6261;SECRETARIA MUNICIPAL DE PROMOÇÃO E ASSISTENCIA SOCIAL;Nonia Leite de Bessa Lima;(62) 3335-6261;PRAÇA Praça N. Sra. da Abadia, 508, centro, CEP: 75.455-000, SANTA ROSA DE GOIAS/GO;-;CadSUAS (gestão atual);CadSUAS;
Santa Tereza de Goiás;(62) 3383-6415 Ramal 0;SECRETARIA MUNICIPAL DE ASSISTENCIA SOCIAL;MIRIAM PEREIRA DA SILVA SANTOS;"Oculto para proteção de dados (LGPD) / (62) 3383-6499; assistenciasocial@santatereza.go.gov.br (Carta de Serviços do site oficial)";PRAÇA Av. Juscelino kubitscheck, 212, RODOVIARIO, CEP: 76.480-000, SANTA TEREZA DE GOIAS/GO;http://www.santatereza.go.gov.br;Confirmado via web;CadSUAS + https://santatereza.go.gov.br/secretarias/secretaria-municipal-de-assistencia-social/;2026-08 — A Carta de Serviços do site oficial (criada em 21/01/2025, última atualização 05/08/2026) lista 'Miriam P da Silva Santos' como gestora da Secretaria Municipal de Assistência Social — mesma pessoa do CadSUAS (grafia abreviada). Prefeita atual: Leia Mendonça dos Reis Borges (União Brasil).
Santa Terezinha de Goiás;(62) 3339-6053;SECRETARIA MUNICIPAL DE ASSISTENCIA SOCIAL;Keyla José Ferreira;(62) 8132-8876;AVENIDA RUA DONA JULIA, 273, CENTRO, CEP: 76.500-000, SANTA TEREZINHA DE GOIAS/GO;-;CadSUAS (gestão atual);CadSUAS;
Santo Antônio da Barra;(64) 3626-1147;SECRETARIA MUNICIPAL DE ASSISTENCIA SOCIAL;ROSELI PEREIRA DA SILVA NASCIMENTO;(64) 3626-1171;RUA Pedro Moraes da Silva, S/N, Setor Boa Vista, CEP: 75.935-000, SANTO ANTONIO DA BARRA/GO;-;CadSUAS (gestão atual);CadSUAS;
Santo Antônio de Goiás;(62) 3535-1101 Ramal 0;SECRETARIA MUNICIPAL DE ASSISTENCIA SOCIAL;DAIANE DE FATIMA MARQUES;(62) 3535-1950;AVENIDA AV. MODESTO VAZ MACHADO, 0, VILA FLORENÇA, CEP: 75.375-000, SANTO ANTONIO DE GOIAS/GO;-;CadSUAS (gestão atual);CadSUAS;
Santo Antônio do Descoberto;(61) 3626-1289;SECRETARIA MUNICIPAL DE DESENVOLVIMENTO SOCIAL E TRANSFERÊNCIA DE RENDA;WAGNER ROBERTO DOS SANTOS;(61) 3626-7640;QUADRA ENTRE QUADRAS 41/42, 00, CENTRO, CEP: 72.900-348, SANTO ANTONIO DO DESCOBERTO/GO;-;CadSUAS (gestão atual);CadSUAS;
Senador Canedo;(62) 3275-9950 Ramal 2024;SECRETARIA MUNICIPAL DE ASSISTÊNCIA SOCIAL E CIDADANIA;MARIA BETANIA GONDIM DA COSTA;Oculto para proteção de dados (LGPD);RODOVIA GO 403 KM 9, S/N, CONJUNTO MORADA DO MORRO, CEP: 75.250-386, SENADOR CANEDO/GO;-;CadSUAS (gestão atual);CadSUAS;
Serranópolis;(64) 3668-1259;SECRETARIA MUNICIPAL DE ASSISTENCIA SOCIAL;Katia Maria Freitas Carvalho Dutra;(64) 3668-1759;AVENIDA RAMIRO TEIXEIRA, 20, CENTRO, CEP: 75.820-000, SERRANOPOLIS/GO;-;CadSUAS (gestão atual);CadSUAS;
Silvânia;(62) 3332-1432 Ramal 208;SECRETARIA DE DESENVOLVIMENTO SOCIAL;Gustavo Ferreira Rosendo;Oculto para proteção de dados (LGPD);PRAÇA PRAÇA DO ROSARIO, 440, CENTRO, CEP: 75.180-000, SILVANIA/GO;-;CadSUAS (gestão atual);CadSUAS;
Simolândia;(62) 3488-1010;SECRETARIA MUNICIPAL DE ASSISTÊNCIA SOCIAL;VILMA OLIVEIRA CELIS;"(62) 3488-1010 / (62) 3488-1009; e-mail da secretaria publicado no site oficial: smassimolandia@gmail.com";RUA Praça das Flores, 0, Centro, CEP: 73.930-000, SIMOLANDIA/GO;-;Confirmado via web;CadSUAS + https://simolandia.go.gov.br/secretarias;2026-08 — A página 'Secretarias' do portal oficial atual lista 'Vilma Oliveira Celis Magalhães' como titular da Secretaria de Assistência Social e Trabalho — mesma pessoa do CadSUAS (acréscimo do sobrenome Magalhães). Prefeita atual: Ildete Gomes Ferreira 'Dona Dete' (União Brasil).
São Domingos;(62) 3425-1516;SECRETARIA MUNICIPAL DE ASSISTENCIA SOCIAL;Ana Cleia Rosa dos Reis;(62) 3425-1050;PRAÇA PRAÇA DAS FLORES, 1, SETOR NORTE, CEP: 73.860-000, SAO DOMINGOS/GO;-;CadSUAS (gestão atual);CadSUAS;
São Francisco de Goiás;(62) 3305-7950;SECRETARIA MUNICIPAL DE ASSISTÊNCIA SOCIAL E CIDADANIA;Elisângela Leandro Ribeiro Moura;"Oculto para proteção de dados (LGPD) / (62) 3305-7723; sec.assistenciasocial@saofranciscodegoias.go.gov.br (publicados em página oficial da prefeitura)";RUA Ipamei, 0, Bairro São Paulo, CEP: 75.490-000, SAO FRANCISCO DE GOIAS/GO;-;Confirmado via web;CadSUAS + https://www-storage.voxtecnologia.com.br/?f=3392&i=publicado_106672_2025-10-09_02ba1d9c6711893f1f2a9ad782f7908a.pdf&m=sigpub.publicacao;2025-10 — Confirmação forte: no Diário Municipal AGM de 10/10/2025 ela assina ato datado de 09/10/2025 como 'Secretária Municipal de Assistência Social' de São Francisco de Goiás (texto extraído do PDF). Ela é também a primeira-dama — esposa do prefeito reeleito Cleuton Gomes de Moura (Timbó), conforme Cadastro de Autoridades 2025 do Governo de Goiás.
São João d'Aliança;(62) 3438-1513;SECRETARIA MUNICIPAL DE ASSISTÊNCIA SOCIAL;MARIA DA CONCEIÇÃO BATISTA DE ARAÚJO;Oculto para proteção de dados (LGPD);RUA GOIÁS, 243, CENTRO, CEP: 73.760-000, SAO JOAO DALIANCA/GO;-;CadSUAS (gestão atual);CadSUAS;
São João da Paraúna;(64) 3560-1133;Secretaria Municipal de Assistencia Social e Cidadania;JOSSIMARA ANGELIA FERREIRA DE SOUSA;(64) 3560-1133 / (64) 3560-1236 (telefone publicado no site oficial na página do Fundo Municipal de Assistência Social);AVENIDA Parauna, 915, Santa Inês, CEP: 75.985-000, SAO JOAO DA PARAUNA/GO;http://www.saojoaodaparauna.go.gov.br;Confirmado via web;CadSUAS + https://goias.gov.br/governo/cadastro-de-autoridade/;2025-11 — O Cadastro de Autoridades 2025 do Governo de Goiás a lista como primeira-dama do prefeito atual Ubirajara Antônio Duarte Júnior 'Juninho' (União Brasil, gestão 2025-2028), e o site oficial atual da prefeitura a lista como gestora do Fundo Municipal de Assistência Social (Decreto nº 2083/2021) — consistente com o CadSUAS (mandato até 31/12/2028). Nenhuma fonte cita outra pessoa no cargo.
São Luiz do Norte;(62) 3346-6469;SECRETARIA MUNICIPAL DE ASSISTENCIA SOCIAL;Ana Claudia da Silva Moraes;(62) 3346-6411;RUA Militao Fernandes de Alem, S/N, Nova Esperança, CEP: 76.365-000, SAO LUIZ DO NORTE/GO;-;CadSUAS (gestão atual);CadSUAS;
São Luís de Montes Belos;Oculto para proteção de dados (LGPD);SECRETARIA MUNICIPAL DE ASSISTENCIA SOCIAL;Inis Aparecida Sahium Marques Palmeira;Oculto para proteção de dados (LGPD);RUA SERRA DOURADA, 717, MONTES BELOS, CEP: 76.100-000, SAO LUIS DE MONTES BELOS/GO;http:// www.saoluisdemontesbelos.go.gov.br;CadSUAS (gestão atual);CadSUAS;
São Miguel do Araguaia;(62) 3977-7100 Ramal 7101;SECRETARIA MUNICIPAL DE ASSISTÊNCIA SOCIAL;LETICIA DE LIMA REMIGIO AMANCIO SIQUEIRA;(62) 3977-7142 Ramal 7134;AVENIDA GOIAS, 616, Centro, CEP: 76.590-000, SAO MIGUEL DO ARAGUAIA/GO;-;CadSUAS (gestão atual);CadSUAS;
São Miguel do Passa Quatro;(62) 3407-1122;SECRETARIA MUNICIPAL DE ASSISTENCIA SOCIAL;TEREZINHA DE JESUS DA COSTA SOUZA;(62) 3407-1122;RUA PRAÇA SEBASTIÃO GONÇALVES DA SILVA, 697, CENTRO, CEP: 75.185-000, SAO MIGUEL DO PASSA QUATRO/GO;http:// saomigueldopassaquatro.go.gov.br;CadSUAS (gestão atual);CadSUAS;
São Patrício;(62) 3340-0066;SECRETARIA MUNICIPAL DE ASSISTENCIA SOCIAL;Maria Aparecida de Souza Pereira;"(62) 3340-0066 / (62) 3340-0066 (telefone publicado na página da secretaria; é o número central da prefeitura, compartilhado por todas as pastas)";RUA MARIA TAVARES DE ANDRADE, 00, SETOR BOUGANVILLE, CEP: 76.343-000, SAO PATRICIO/GO;http://www.pmsaopatricio.com.br;Confirmado via web;CadSUAS + https://saopatricio.go.gov.br/secretarias/;2026-08 — A página 'Secretarias' do site oficial atual lista Maria Aparecida de Souza Pereira como Secretária de Assistência Social (endereço: Rua Maria Tavares de Andrade, S/N, Setor Bouganville). A página não exibe data de publicação explícita, mas é a estrutura vigente do portal.
São Simão;(64) 3553-9500 Ramal 9502;SECRETARIA MUNICIPAL DE ASSISTECIA SOCIAL;Karine Christina de Carvalho;"(64) 3658-4265 Ramal 9562 / secretaria@social.saosimao.go.gov.br (site oficial; o telefone publicado na página está com formatação truncada)";RUA RUA 32, QUADRA 21, LOTE S/N, 01, CENTRO, CEP: 75.890-000, SAO SIMAO/GO;-;Confirmado via web;CadSUAS + https://saosimao.go.gov.br/institucional-nb/secretaria-de-desenvolvimento-social;2026-08 — O site oficial atual (gestão São Simão e Itaguaçu) a lista como titular da pasta, hoje denominada 'Secretaria de Desenvolvimento Social' (não mais 'Assistência Social'). Ela é também a primeira-dama — esposa do prefeito Wallisson José de Freitas (Podemos), conforme Cadastro de Autoridades 2025 do Governo de Goiás — consistente com o CadSUAS (mandato até 31/12/2028).
Sítio d'Abadia;Oculto para proteção de dados (LGPD);SECRETARIA MUNICIPAL DE ASSISTÊNCIA SOCIAL;ROSANA DE CASTRO SOUZA;Oculto para proteção de dados (LGPD);RUA 15 de Agosto, 00, CENTRO, CEP: 73.990-000, SITIO DABADIA/GO;-;CadSUAS (gestão atual);CadSUAS;
Taquaral de Goiás;(62) 3384-1596;SECRETARIA MUNICIPAL DE PREVIDENCIA, ASSISTENCIA, DESENVOLVIMENTO SOCIAL E HABITAÇAO;NAYARA CHRYSTINA DE SOUSA ROSA;(62) 3384-1163 Ramal 24;PRAÇA TRES PODERES, 1000, CENTRO, CEP: 76.640-000, TAQUARAL DE GOIAS/GO;-;CadSUAS (gestão atual);CadSUAS;
Teresina de Goiás;Oculto para proteção de dados (LGPD);SECRETARIA MUNICIPAL DE ASSISTENCIA SOCIAL;Claudete de Oliveira Pimentel de Mello;Oculto para proteção de dados (LGPD) / Tel: (62) 3467-1140 | E-mails publicados no site oficial: prefeitura@teresinadegoias.go.gov.br e nenaclaudete1975@gmail.com | Endereço: Rua Bartolomeu Bueno da Silva/Praça Tiradentes, nº 43, Centro;RUA JANDIRA DE SOUZA PINTO QD 27 LOTE 20, 0, CENTRO, CEP: 73.795-000, TERESINA DE GOIAS/GO;-;Confirmado via web;CadSUAS + https://www.teresinadegoias.go.gov.br/estrutura-organizacional/;2026-08 — Site oficial atual da prefeitura lista 'Claudete Oliveira Pimentel de Mello' como Secretária de Assistência Social — mesma pessoa do CadSUAS (grafia sem o 'de': 'Claudete de Oliveira Pimentel de Mello').
Terezópolis de Goiás;Oculto para proteção de dados (LGPD);SECRETARIA DE PROMOÇÃO SOCIAL E CIDADANIA;Ana Clara Lima Guimarães de Almeida;Oculto para proteção de dados (LGPD);RUA Pirineus, 2, CENTRO, CEP: 75.175-000, TEREZOPOLIS DE GOIAS/GO;-;CadSUAS (gestão atual);CadSUAS;
Trindade;(62) 3506-7208;SECRETARIA MUNICIPAL DE ASSISTENCIA SOCIAL;ROUANE CAROLINA AZEVEDO;(62) 3506-7073;AVENIDA MANOEL MONTEIRO, 1220, CENTRO, CEP: 75.380-000, TRINDADE/GO;-;CadSUAS (gestão atual);CadSUAS;
Trombas;(62) 3374-3381;PM - SECRETARIA MUNICIPAL DE ASSISTENCIA SOCIAL;Pollyana Narciso da Silva;(62) 3374-3381;AVENIDA PRESIDENTE GETÚLIO VARGAS, 0, CENTRO, CEP: 76.460-000, TROMBAS/GO;http:// www.trombas.go.gov.br;CadSUAS (gestão atual);CadSUAS;
Três Ranchos;(64) 3967-8000 Ramal 8010;SECRETARIA MUNICIPAL DE ASSISTENCIA SOCIAL;FABRINNA FERREIRA RODRIGUES;(64) 3475-1539;AVENIDA Avenida Coronel Levino lopes, 01, Centro, CEP: 75.720-000, TRES RANCHOS/GO;-;CadSUAS (gestão atual);CadSUAS;
Turvelândia;(64) 3642-8000 Ramal 8008;SECRETARIA MUNICIPAL DO BEM ESTAR SOCIAL;ELENI LUZIA BORGES MERCHI;(64) 3642-8039;RUA MARIA MOREIRA NASCIMENTO, 153, CENTRO, CEP: 75.970-000, TURVELANDIA/GO;http://www.turvelandia.go.gov.br/;CadSUAS (gestão atual);CadSUAS;
Turvânia;(64) 3682-1768;SECRETARIA MUNICIPAL DE ASSISTENCIA SOCIAL;JOANA CANDIDA VIEIRA POLICARPIO;Oculto para proteção de dados (LGPD);RUA PEDRO LUDOVICO TEIXEIRA ESQ COM A RUA RIBEIRO SANTANA DE ARAUJO, 0, CENTRO, CEP: 76.110-000, TURVANIA/GO;http://www.turvania.go.gov.br;CadSUAS (gestão atual);CadSUAS;
Uirapuru;(62) 3342-3110 Ramal 214;SECRETARIA MUNICIPAL DE PROMOÇÃO E ASSISTENCIA SOCIAL;Maylane Akíria;(08) 0049-41053 / Tel: 0800 494 1053, Ramal 217 | E-mail: assistenciasocial@uirapuru.go.gov.br | Endereço: Avenida das Perdizes, Qd. 24 Lt. 04 e 05, S/N, Centro;AVENIDA AV DAS PERDIZES, S/N, CENTRO, CEP: 76.525-000, UIRAPURU/GO;-;Atualizado via web;https://uirapuru.go.gov.br/estrutura/secretaria-de-assistencia-social/;2026-08 — Página oficial da prefeitura (consultada em 2026-08-11) traz literalmente 'Secretária Maylane Akíria' — pessoa diferente da registrada no CadSUAS (Neuseli Xavier de Godoy). Maylane Akíria é a primeira-dama do município, esposa do prefeito Elivan Carreiro (União Brasil), reeleito em 2024 com 76,59% dos votos. Não foi localizado o decreto de nomeação com data específica.
Uruana;(62) 3344-1100;SECRETARIA MUNICIPAL DE ASSISTÊNCIA SOCIAL, CIDADANIA E TRABALHO;JUBIA PATRICIA ARRUDA RIBEIRO;Oculto para proteção de dados (LGPD);RUA ANTONIO FERREIRA DE OLIVEIRA, 270, CENTRO, CEP: 76.335-000, URUANA/GO;http:/uruana.go.gov.br;CadSUAS (gestão atual);CadSUAS;
Uruaçu;(62) 3357-4118 Ramal 0;SECRETARIA MUNICIPAL DO DESENVOLVIMENTO SOCIAL;MARCIA PEDROSA MACHADO;(62) 3357-3505 Ramal 200;RUA Corcovado esq. Av. Carioca, S/N°, Novo Rio, CEP: 76.400-000, URUACU/GO;-;CadSUAS (gestão atual);CadSUAS;
Urutaí;(64) 3465-1133;SECRETARIA MUNICIPAL DE ASSISTENCIA SOCIAL;Danielle Cordeiro do Vale Ribeiro;Oculto para proteção de dados (LGPD);RUA JOSÉ SOARES CALDEIRAS, 44, CENTRO, CEP: 75.790-000, URUTAI/GO;-;CadSUAS (gestão atual);CadSUAS;
Valparaíso de Goiás;(61) 3627-8953;SECRETARIA MUNICIPAL DE ASSISTÊNCIA SOCIAL;Joselia Cardoso Pereira Leao;(61) 3624-0007 Ramal 205 / Tels: (61) 3627-4087 / (61) 3624-0007 | E-mails: assistenciasocial@valparaisodegoias.go.gov.br e joselia@valparaisodegoias.go.gov.br | Endereço: Rua 65, Qd. 99 Lt. 03 – 2ª Etapa, Jardim Céu Azul;RUA Rua 65 Q. 99 Lt., 03, Jardim Céu Azul, CEP: 72.871-059, VALPARAISO DE GOIAS/GO;-;Confirmado via web;CadSUAS + https://valparaisodegoias.go.gov.br/secretaria/secretaria-de-assistencia-social-e-cidadania/;2026-08 — Site oficial atual lista 'Josélia Leão' como secretária — mesma pessoa do CadSUAS (Joselia Cardoso Pereira Leao). Diário Oficial do município (Decreto de 2025) também a designa como Secretária Municipal de Assistência Social (DAS-1), indicando que foi mantida na gestão 2025-2028.
Varjão;(62) 3554-1279 Ramal 01;SECRETARIA MUNICIPAL DE ASSISTENCIA SOCIAL;Janaina Martins e Almeida;Oculto para proteção de dados (LGPD);PRAÇA Moises Franco, 013, CENTRO, CEP: 75.355-000, VARJAO/GO;-;CadSUAS (gestão atual);CadSUAS;
Vianópolis;(62) 3907-0100;Secretaria de Promoção e Assistencia Social;Isabela Brito Carvalho;Oculto para proteção de dados (LGPD);RUA Dona Carolina, 510, Centro, CEP: 75.265-000, VIANOPOLIS/GO;-;CadSUAS (gestão atual);CadSUAS;
Vicentinópolis;(64) 3691-1557;Secretaria Municipal de Assistência Social, Cidadania, Trabalho, Emprego, Renda e Habitação;Nilva Gomes Pereira Ferreira;(64) 3691-1509;AVENIDA Marginal Filostro Machado Carneiro, 933, Setor Leste, CEP: 75.555-000, VICENTINOPOLIS/GO;-;CadSUAS (gestão atual);CadSUAS;
Vila Boa;(61) 3466-1221;SECRETARIA MUNICIPAL DE ASSISTÊNCIA SOCIAL;MONICA VIEIRA DOS SANTOS;(61) 3466-1239 / Tel: (61) 3466-1239 | E-mail: social@vilaboa.go.gov.br | Endereço: Rua do Estacionamento B, Qd. 26, Lt. 06, Jardim Nova Aurora;RUA RUA DO ESTACIONAMENTO B S/N QUADRA 26, LOTE 06, 00, JARDIM NOVA AURORA, CEP: 73.825-000, VILA BOA/GO;-;Confirmado via web;CadSUAS + https://www.vilaboa.go.gov.br/estrutura-organizacional/?id=61;2026-08 — Site oficial atual da prefeitura lista 'Mônica Vieira dos Santos' como Secretária de Assistência Social — mesma pessoa do CadSUAS (MONICA VIEIRA DOS SANTOS).
Vila Propício;(62) 3320-0184;SECRETARIA MUNICIPAL DE ASSISTÊNCIA SOCIAL E CIDADANIA;CLAUDINEIA MARIA LEITE LEMOS;(62) 3320-0199;RUA 05, s/n°, Centro, CEP: 76.393-000, VILA PROPICIO/GO;-;CadSUAS (gestão atual);CadSUAS;
Água Fria de Goiás;(62) 3464-1138;Secretaria Municipal de Assistência Social;Jucelia Mendes Pereira de Sousa;"(62) 3464-1211 / Tel. (62) 99859-4600; e-mail social@aguafriadegoias.go.gov.br";RUA 18, 02, CENTRO, CEP: 73.780-000, AGUA FRIA DE GOIAS/GO;-;Atualizado via web;https://aguafriadegoias.go.gov.br/estrutura-organizacional/?id=20;2026-08 — Site oficial (página identificada como 'Gestão 2025/2028', acessada em 11/08/2026) lista Jucelia Mendes Pereira de Sousa como secretária de Assistência Social. O registro CadSUAS (Rildinei Pereira de Macêdo) tinha mandato apenas até 10/04/2026 — provável substituição após esse término.
Água Limpa;(64) 3489-1125;SECRETARIA MUNICIPAL DE ASSISTENCIA SOCIAL;Maria Aparecida da Silva;(64) 3489-1231;RUA adolfo rosa, 0, CENTRO, CEP: 75.665-000, AGUA LIMPA/GO;-;CadSUAS (cadastro pré-2025, não confirmado);CadSUAS;O site oficial (agualimpa.go.gov.br) não publica nomes de secretários e nenhuma fonte de 2025-2026 (diário, notícia, redes oficiais) citando o titular da pasta foi localizada. Mantém-se o CadSUAS (Maria Aparecida da Silva). Contato geral da prefeitura: (64) 3489-1125 (não é canal específico da secretaria).
Águas Lindas de Goiás;(61) 3618-1768;SECRETARIA DE ASSISTÊNCIA SOCIAL;Rita de Cassia Martins Madeira;Oculto para proteção de dados (LGPD);RUA AVENIDA 5, LOTE 1 A SETOR 11, 01, setor 11, CEP: 72.910-000, AGUAS LINDAS DE GOIAS/GO;http://www.aguaslindasdegoias.go.gov.br;CadSUAS (gestão atual);CadSUAS;
